time,anomaly,rolling_anomaly
1850-01-01,-0.6179702,
1850-02-01,-1.4352818,-1.4260911
1850-03-01,-2.2250211,-1.776538
1850-04-01,-1.6693112,-1.4904264
1850-05-01,-0.5769466,-1.0476742
1850-06-01,-0.89676464,-0.469391
1850-07-01,0.065538324,-0.47278595
1850-08-01,-0.5871315,-0.23122662
1850-09-01,-0.17208673,-0.16787438
1850-10-01,0.2555951,-0.18441011
1850-11-01,-0.6367387,-0.47779718
1850-12-01,-1.0522479,-0.838404
1851-01-01,-0.8262255,-1.0949866
1851-02-01,-1.4064862,-1.1066281
1851-03-01,-1.0871726,-1.3488315
1851-04-01,-1.5528357,-0.9644282
1851-05-01,-0.2532761,-0.7745351
1851-06-01,-0.5174934,-0.28772464
1851-07-01,-0.09240438,-0.16450101
1851-08-01,0.11639476,0.25521913
1851-09-01,0.741667,-0.14999531
1851-10-01,-1.3080477,-0.4208106
1851-11-01,-0.6960511,-0.82309526
1851-12-01,-0.4651868,-1.0210191
1852-01-01,-1.9018193,-1.2604426
1852-02-01,-1.4143219,-1.5394135
1852-03-01,-1.3020993,-1.2763566
1852-04-01,-1.1126487,-1.0858489
1852-05-01,-0.8427984,-1.0193118
1852-06-01,-1.102488,-0.51989114
1852-07-01,0.38561308,-0.6403905
1852-08-01,-1.2042966,-0.01360486
1852-09-01,0.7778689,-0.109569885
1852-10-01,0.097718015,0.26789314
1852-11-01,-0.07190753,-0.22061674
1852-12-01,-0.6876607,-0.47519103
1853-01-01,-0.6660049,-0.6086366
1853-02-01,-0.47224423,-0.49455047
1853-03-01,-0.34540218,-0.59615743
1853-04-01,-0.9708259,-0.5357546
1853-05-01,-0.29103574,-0.32310697
1853-06-01,0.29254073,-0.21487649
1853-07-01,-0.64613444,-0.3897656
1853-08-01,-0.81570303,-0.76326376
1853-09-01,-0.82795376,-0.8040312
1853-10-01,-0.76843697,-0.42043844
1853-11-01,0.3350754,-0.1466395
1853-12-01,-0.006556937,-0.0394105
1854-01-01,-0.44675,-0.4657551
1854-02-01,-0.9439584,-0.6795053
1854-03-01,-0.6478073,-0.68344945
1854-04-01,-0.45858264,-0.38550285
1854-05-01,-0.05011854,-0.2065109
1854-06-01,-0.11083153,-0.23163146
1854-07-01,-0.5339443,-0.72659945
1854-08-01,-1.5350225,-1.0475868
1854-09-01,-1.0737933,-0.7736159
1854-10-01,0.28796798,-0.6240475
1854-11-01,-1.0863173,-0.76082516
1854-12-01,-1.4841262,-0.92647076
1855-01-01,-0.20896861,-0.46543717
1855-02-01,0.2967834,-0.10642618
1855-03-01,-0.40709332,-0.08254647
1855-04-01,-0.13732949,-0.28408125
1855-05-01,-0.30782095,-0.3643348
1855-06-01,-0.6478539,-0.44884816
1855-07-01,-0.39086965,-0.24791543
1855-08-01,0.29497734,-0.27203074
1855-09-01,-0.72019994,0.002100448
1855-10-01,0.43152395,0.10060232
1855-11-01,0.59048295,1.1022801
1855-12-01,2.2848334,1.1538643
1856-01-01,0.5862762,1.0588437
1856-02-01,0.30542153,0.3046222
1856-03-01,0.022168871,-0.16247495
1856-04-01,-0.81501526,-0.69484466
1856-05-01,-1.2916875,-1.2248374
1856-06-01,-1.5678097,-1.28325
1856-07-01,-0.9902529,-1.4177651
1856-08-01,-1.6952329,-1.5292034
1856-09-01,-1.9021245,-1.924524
1856-10-01,-2.1762145,-2.0808952
1856-11-01,-2.1643462,-2.5055912
1856-12-01,-3.176212,-2.5462077
1857-01-01,-2.2980647,-2.3881483
1857-02-01,-1.6901681,-2.2013557
1857-03-01,-2.6158338,-1.8836683
1857-04-01,-1.3450031,-1.5568824
1857-05-01,-0.7098104,-0.81168437
1857-06-01,-0.38023967,-0.72025424
1857-07-01,-1.0707127,-0.8374527
1857-08-01,-1.061406,-0.88726574
1857-09-01,-0.52967864,-0.75506574
1857-10-01,-0.6741125,-0.64994264
1857-11-01,-0.7460367,-0.8818202
1857-12-01,-1.2253115,-0.36474505
1858-01-01,0.8771131,-0.12688525
1858-02-01,-0.03245731,0.164686
1858-03-01,-0.35059783,-0.41488132
1858-04-01,-0.8615887,-0.44729435
1858-05-01,-0.12969653,-0.48298702
1858-06-01,-0.4576757,-0.46244636
1858-07-01,-0.79996693,-0.59347695
1858-08-01,-0.5227882,-0.67173046
1858-09-01,-0.6924363,-0.5799853
1858-10-01,-0.52473134,-0.50974053
1858-11-01,-0.3120539,-0.4217669
1858-12-01,-0.42851552,-0.5618298
1859-01-01,-0.94492,-0.52669436
1859-02-01,-0.20664755,-0.5320538
1859-03-01,-0.44459388,-0.9459451
1859-04-01,-2.186594,-1.1470166
1859-05-01,-0.80986214,-1.4234282
1859-06-01,-1.2738286,-1.1113316
1859-07-01,-1.2503042,-0.82047844
1859-08-01,0.06269739,-1.0627345
1859-09-01,-2.0005965,-0.7392998
1859-10-01,-0.28000015,-0.95533675
1859-11-01,-0.58541334,-0.618619
1859-12-01,-0.9904435,-0.8990168
1860-01-01,-1.1211934,-0.9715025
1860-02-01,-0.8028706,-0.91069394
1860-03-01,-0.808018,-1.1500098
1860-04-01,-1.8391405,-0.841165
1860-05-01,0.12366355,-0.7712965
1860-06-01,-0.5984126,-0.8125861
1860-07-01,-1.9630095,-0.911861
1860-08-01,-0.17416088,-0.81085855
1860-09-01,-0.2954053,-0.9792991
1860-10-01,-2.4683313,-1.0218914
1860-11-01,-0.3019373,-1.3640469
1860-12-01,-1.3218721,-0.40334305
1861-01-01,0.41378027,-1.0244013
1861-02-01,-2.1651123,-1.4028336
1861-03-01,-2.4571686,-1.7249117
1861-04-01,-0.552454,-1.6230792
1861-05-01,-1.8596147,-1.0565344
1861-06-01,-0.7575345,-0.91021204
1861-07-01,-0.11348674,-0.82095623
1861-08-01,-1.5918473,-1.2744002
1861-09-01,-2.1178668,-1.1799936
1861-10-01,0.16973302,-1.3944489
1861-11-01,-2.235213,-0.90787023
1861-12-01,-0.6581306,-1.4448868
1862-01-01,-1.4413168,-0.9489084
1862-02-01,-0.7472777,-1.0401441
1862-03-01,-0.93183774,-0.9330686
1862-04-01,-1.1200902,-1.1035259
1862-05-01,-1.2586496,-0.8454907
1862-06-01,-0.15773232,-0.34979415
1862-07-01,0.36699954,-0.5873491
1862-08-01,-1.9713147,-0.9452567
1862-09-01,-1.2314548,-1.0027401
1862-10-01,0.19454919,-0.79036355
1862-11-01,-1.334185,-1.4511381
1862-12-01,-3.213779,-1.7510451
1863-01-01,-0.7051711,-1.5422983
1863-02-01,-0.7079451,-1.1295053
1863-03-01,-1.9753999,-1.3757125
1863-04-01,-1.4437929,-1.6102432
1863-05-01,-1.4115369,-1.8786834
1863-06-01,-2.7807202,-2.3649871
1863-07-01,-2.902704,-2.404524
1863-08-01,-1.5301483,-2.438752
1863-09-01,-2.8834035,-2.4560506
1863-10-01,-2.9545999,-2.7128198
1863-11-01,-2.300456,-2.1816323
1863-12-01,-1.2898408,-1.6952266
1864-01-01,-1.4953827,-1.7842175
1864-02-01,-2.567429,-1.9448315
1864-03-01,-1.7716826,-1.2342284
1864-04-01,0.63642675,-0.6924541
1864-05-01,-0.94210654,-0.13518958
1864-06-01,-0.09988893,-0.8451715
1864-07-01,-1.4935191,-0.3463044
1864-08-01,0.55449486,0.10336844
1864-09-01,1.2491295,1.0496134
1864-10-01,1.3452158,1.0948912
1864-11-01,0.6903285,1.0251013
1864-12-01,1.0397594,0.14096896
1865-01-01,-1.307181,-0.2068954
1865-02-01,-0.3532646,-0.719999
1865-03-01,-0.49955133,-0.68129474
1865-04-01,-1.1910684,-0.94957685
1865-05-01,-1.1581107,-0.53289026
1865-06-01,0.75050855,-0.004801482
1865-07-01,0.39319775,0.112548135
1865-08-01,-0.8060619,-0.48803112
1865-09-01,-1.0512291,-0.45575657
1865-10-01,0.49002123,-0.35529432
1865-11-01,-0.504675,0.034270365
1865-12-01,0.11746483,0.4820123
1866-01-01,1.8332471,0.73116034
1866-02-01,0.24276923,1.018
1866-03-01,0.9779838,-0.518578
1866-04-01,-2.7764869,-1.1484494
1866-05-01,-1.6468451,-1.1430649
1866-06-01,0.9941377,-0.4456295
1866-07-01,-0.6841811,0.2781078
1866-08-01,0.5243668,-0.37634978
1866-09-01,-0.96923494,-0.86754084
1866-10-01,-2.1577544,-1.4160885
1866-11-01,-1.121276,-2.0100327
1866-12-01,-2.7510674,-1.6882464
1867-01-01,-1.1923959,-2.484628
1867-02-01,-3.5104206,-1.6383885
1867-03-01,-0.21234895,-1.8184239
1867-04-01,-1.7325022,-1.0535136
1867-05-01,-1.2156898,-0.7384059
1867-06-01,0.73297465,-0.2294159
1867-07-01,-0.20553255,-0.5680633
1867-08-01,-2.231632,-0.89048
1867-09-01,-0.23427545,-1.7193342
1867-10-01,-2.6920958,-1.3011247
1867-11-01,-0.9770031,-1.7644931
1867-12-01,-1.6243805,-1.3937198
1868-01-01,-1.5797757,-0.5539326
1868-02-01,1.5423583,-0.035464894
1868-03-01,-0.06897727,-0.06778856
1868-04-01,-1.6767467,-0.88817817
1868-05-01,-0.9188105,-0.93491215
1868-06-01,-0.20917915,-0.45461193
1868-07-01,-0.23584619,-0.4276193
1868-08-01,-0.83783257,-0.9131095
1868-09-01,-1.6656498,-0.6624734
1868-10-01,0.5160623,-0.098429
1868-11-01,0.8543004,0.4110085
1868-12-01,-0.13733716,0.30621567
1869-01-01,0.20168377,-0.01896269
1869-02-01,-0.121234685,0.43984976
1869-03-01,1.2391002,-0.16363876
1869-04-01,-1.6087818,-0.19427498
1869-05-01,-0.21314332,-0.9600336
1869-06-01,-1.0581754,-0.46462777
1869-07-01,-0.12256456,-0.57735384
1869-08-01,-0.5513215,-0.9185354
1869-09-01,-2.08172,-1.1866945
1869-10-01,-0.92704195,-1.2429824
1869-11-01,-0.7201851,-0.9751579
1869-12-01,-1.2782468,-1.1598539
1870-01-01,-1.4811299,-1.2360308
1870-02-01,-0.9487159,-1.7783575
1870-03-01,-2.9052267,-1.3195087
1870-04-01,-0.104583316,-2.1716163
1870-05-01,-3.5050392,-2.1571171
1870-06-01,-2.8617291,-2.4888213
1870-07-01,-1.0996954,-1.9133043
1870-08-01,-1.7784886,-1.341599
1870-09-01,-1.146613,-1.7252687
1870-10-01,-2.250704,-1.7367383
1870-11-01,-1.8128982,-1.6857618
1870-12-01,-0.9936827,-1.4975876
1871-01-01,-1.6861815,-1.3133212
1871-02-01,-1.2600998,-1.4202963
1871-03-01,-1.3146076,-1.0040694
1871-04-01,-0.43750072,-1.133056
1871-05-01,-1.6470596,-1.0624732
1871-06-01,-1.1028589,-1.637523
1871-07-01,-2.1626506,-1.445868
1871-08-01,-1.0720943,-1.0643468
1871-09-01,0.041704666,-0.2977758
1871-10-01,0.13706225,-0.48879656
1871-11-01,-1.6451566,-0.6773582
1871-12-01,-0.5239803,-0.96833974
1872-01-01,-0.7358823,-0.9199318
1872-02-01,-1.4999328,-1.0817189
1872-03-01,-1.0093416,-0.9365346
1872-04-01,-0.3003291,-0.7836518
1872-05-01,-1.0412847,-0.8748317
1872-06-01,-1.2828813,-1.2138265
1872-07-01,-1.3173136,-1.1924487
1872-08-01,-0.9771515,-1.2647959
1872-09-01,-1.4999229,-1.2368624
1872-10-01,-1.2335129,-1.4685084
1872-11-01,-1.6720893,-1.3230923
1872-12-01,-1.0636746,-1.2570484
1873-01-01,-1.0353811,-1.1473576
1873-02-01,-1.3430169,-1.4642187
1873-03-01,-2.0142584,-2.0820475
1873-04-01,-2.8888671,-1.9008512
1873-05-01,-0.7994281,-1.3700498
1873-06-01,-0.42185408,-0.5803254
1873-07-01,-0.5196941,-0.4055841
1873-08-01,-0.27520412,-0.6730082
1873-09-01,-1.2241265,-0.79854554
1873-10-01,-0.8963059,-1.094192
1873-11-01,-1.1621438,-1.1914234
1873-12-01,-1.5158205,-1.4541292
1874-01-01,-1.6844236,-1.5710834
1874-02-01,-1.5130064,-1.7350801
1874-03-01,-2.0078104,-1.7942683
1874-04-01,-1.8619883,-1.2406029
1874-05-01,0.14799032,-1.1953796
1874-06-01,-1.8721409,-0.73485994
1874-07-01,-0.48042917,-1.430497
1874-08-01,-1.938921,-1.2825125
1874-09-01,-1.4281874,-1.6344084
1874-10-01,-1.5361165,-1.6082802
1874-11-01,-1.8605365,-1.7117673
1874-12-01,-1.7386491,-1.4110876
1875-01-01,-0.6340775,-1.1650817
1875-02-01,-1.1225185,-0.83270246
1875-03-01,-0.74151134,-1.0326623
1875-04-01,-1.2339567,-1.0107881
1875-05-01,-1.0568964,-1.2015771
1875-06-01,-1.3138782,-1.0904967
1875-07-01,-0.90071523,-1.2948254
1875-08-01,-1.6698828,-1.2123133
1875-09-01,-1.0663419,-1.0414906
1875-10-01,-0.38824692,-0.8974846
1875-11-01,-1.2378651,-0.741136
1875-12-01,-0.59729606,-0.8513238
1876-01-01,-0.71881,-0.49870777
1876-02-01,-0.18001723,-0.591491
1876-03-01,-0.8756457,-0.91030264
1876-04-01,-1.6752449,-1.0879594
1876-05-01,-0.7129877,-1.3624378
1876-06-01,-1.6990812,-0.902767
1876-07-01,-0.2962321,-0.97284317
1876-08-01,-0.92321634,-0.81073046
1876-09-01,-1.2127428,-0.68570304
1876-10-01,0.0788501,-0.29637116
1876-11-01,0.24477915,0.2556984
1876-12-01,0.443466,0.25444648
1877-01-01,0.07509428,0.65589505
1877-02-01,1.4491248,0.37484655
1877-03-01,-0.39967936,0.69617844
1877-04-01,1.0390898,0.3832221
1877-05-01,0.51025593,0.6937383
1877-06-01,0.5318693,0.90885276
1877-07-01,1.6844329,1.2937046
1877-08-01,1.6648116,1.6478962
1877-09-01,1.5944436,1.7163777
1877-10-01,1.889878,1.8949833
1877-11-01,2.2006283,2.0436008
1877-12-01,2.040296,2.139148
1878-01-01,2.17652,1.840034
1878-02-01,1.3032862,1.5985831
1878-03-01,1.3159426,1.0995276
1878-04-01,0.679354,0.5928167
1878-05-01,-0.21684659,0.42957386
1878-06-01,0.8262142,0.19147615
1878-07-01,-0.034939174,0.0035295088
1878-08-01,-0.7806865,-0.60452014
1878-09-01,-0.9979349,-1.0133635
1878-10-01,-1.2614692,-1.2093525
1878-11-01,-1.3686533,-1.1810247
1878-12-01,-0.91295147,-1.3673233
1879-01-01,-1.8203651,-1.091948
1879-02-01,-0.5425276,-0.9861427
1879-03-01,-0.59553546,-0.61199045
1879-04-01,-0.6979082,-0.95533466
1879-05-01,-1.5725604,-1.1510135
1879-06-01,-1.1825718,-1.5657616
1879-07-01,-1.9421527,-1.5358156
1879-08-01,-1.4827222,-1.3880523
1879-09-01,-0.73928225,-1.3586947
1879-10-01,-1.8540796,-1.5435213
1879-11-01,-2.0372021,-1.6468576
1879-12-01,-1.049291,-1.9242972
1880-01-01,-2.6863985,-1.5855886
1880-02-01,-1.0210763,-1.8219789
1880-03-01,-1.7584622,-1.0102851
1880-04-01,-0.25131673,-1.2548498
1880-05-01,-1.7547702,-0.9537832
1880-06-01,-0.8552627,-1.3865728
1880-07-01,-1.5496858,-1.0027082
1880-08-01,-0.60317606,-1.1305673
1880-09-01,-1.2388401,-0.5883152
1880-10-01,0.07707068,-0.44264135
1880-11-01,-0.16615462,0.051445793
1880-12-01,0.24342132,-0.017127475
1881-01-01,-0.12864912,0.059229482
1881-02-01,0.06291625,-0.14883833
1881-03-01,-0.38078213,-0.24752264
1881-04-01,-0.42470205,-0.32637116
1881-05-01,-0.17362927,-0.22547741
1881-06-01,-0.07810092,-0.23236541
1881-07-01,-0.44536602,-0.453856
1881-08-01,-0.838101,-0.40541112
1881-09-01,0.06723372,-0.5194933
1881-10-01,-0.7876125,-0.40067896
1881-11-01,-0.48165807,-0.6728055
1881-12-01,-0.74914575,-0.5195139
1882-01-01,-0.32773784,-0.58139586
1882-02-01,-0.66730404,-0.5355975
1882-03-01,-0.61175054,-0.45092312
1882-04-01,-0.073714785,-0.31280068
1882-05-01,-0.25293672,-0.4258925
1882-06-01,-0.9510261,-0.7060041
1882-07-01,-0.9140494,-0.9310155
1882-08-01,-0.9279709,-0.75034666
1882-09-01,-0.4090196,-0.88840944
1882-10-01,-1.3282378,-0.9911814
1882-11-01,-1.2362869,-1.4073391
1882-12-01,-1.6574926,-1.3300872
1883-01-01,-1.096482,-1.1055838
1883-02-01,-0.5627766,-0.39023796
1883-03-01,0.48854476,0.17412539
1883-04-01,0.59660804,0.364122
1883-05-01,0.007213165,0.061780762
1883-06-01,-0.41847894,-0.23378102
1883-07-01,-0.29007733,-0.38054824
1883-08-01,-0.43308848,-0.40824986
1883-09-01,-0.5015837,-0.5679715
1883-10-01,-0.7692425,-0.386075
1883-11-01,0.112601236,-0.33795938
1883-12-01,-0.3572368,-0.22340517
1884-01-01,-0.42557994,-0.24930541
1884-02-01,0.034900576,-0.21803308
1884-03-01,-0.2634199,-0.30957422
1884-04-01,-0.70020336,-0.16347122
1884-05-01,0.47320962,-0.11457791
1884-06-01,-0.116739996,-0.028181642
1884-07-01,-0.44101456,-0.35828748
1884-08-01,-0.51710796,-0.32140753
1884-09-01,-0.006100037,-0.21937263
1884-10-01,-0.13490985,0.24035835
1884-11-01,0.862085,0.33947405
1884-12-01,0.29124695,0.4158766
1885-01-01,0.0942978,0.1258105
1885-02-01,-0.008113228,-0.0858809
1885-03-01,-0.34382725,-0.3387088
1885-04-01,-0.66418594,-0.39986864
1885-05-01,-0.19159275,-0.29809934
1885-06-01,-0.038519338,-0.16941525
1885-07-01,-0.27813366,-0.25844225
1885-08-01,-0.45867372,-0.2973921
1885-09-01,-0.15536894,0.1399926
1885-10-01,1.0340204,0.6247424
1885-11-01,0.99557567,0.80898595
1885-12-01,0.3973617,0.64088625
1886-01-01,0.5297214,0.12916152
1886-02-01,-0.5395985,-0.3107067
1886-03-01,-0.922243,-0.6782319
1886-04-01,-0.57285404,-0.80387926
1886-05-01,-0.91654086,-1.1308391
1886-06-01,-1.9031224,-1.4881946
1886-07-01,-1.6449206,-1.6365108
1886-08-01,-1.3614895,-1.4358846
1886-09-01,-1.3012437,-1.5126019
1886-10-01,-1.8750725,-1.5986491
1886-11-01,-1.6196314,-1.8883104
1886-12-01,-2.1702273,-1.973762
1887-01-01,-2.1314273,-2.0962725
1887-02-01,-1.9871625,-1.8995451
1887-03-01,-1.5800453,-1.7302151
1887-04-01,-1.6234372,-1.6445855
1887-05-01,-1.7302737,-1.5650166
1887-06-01,-1.341339,-1.2660799
1887-07-01,-0.72662693,-0.9511966
1887-08-01,-0.7856237,-0.725565
1887-09-01,-0.6644444,-0.80871075
1887-10-01,-0.97606415,-0.78915435
1887-11-01,-0.72695464,-0.71013784
1887-12-01,-0.42739478,-0.39309537
1888-01-01,-0.024936672,-0.0858882
1888-02-01,0.19466686,0.22059281
1888-03-01,0.49204823,0.2527915
1888-04-01,0.071659386,0.2426282
1888-05-01,0.16417699,0.15098472
1888-06-01,0.21711779,0.16572173
1888-07-01,0.115870416,0.28162378
1888-08-01,0.51188314,0.18684979
1888-09-01,-0.06720418,0.59816957
1888-10-01,1.3498298,0.8892413
1888-11-01,1.3850982,1.464729
1888-12-01,1.6592588,1.7041632
1889-01-01,2.0681329,1.6909713
1889-02-01,1.3455218,1.3263795
1889-03-01,0.56548375,0.7894235
1889-04-01,0.45726517,0.36713657
1889-05-01,0.07866074,-0.04942705
1889-06-01,-0.6842071,-0.6765504
1889-07-01,-1.4241049,-1.2870148
1889-08-01,-1.7527323,-1.6773729
1889-09-01,-1.8552817,-2.1130056
1889-10-01,-2.731003,-2.231963
1889-11-01,-2.109604,-2.1248977
1889-12-01,-1.5340862,-2.1970174
1890-01-01,-2.9473624,-1.7734041
1890-02-01,-0.8387638,-1.6722635
1890-03-01,-1.2306643,-1.1412104
1890-04-01,-1.3542033,-1.2716872
1890-05-01,-1.2301941,-1.1802926
1890-06-01,-0.95648056,-1.1266159
1890-07-01,-1.1931729,-1.5038344
1890-08-01,-2.3618495,-1.7488384
1890-09-01,-1.6914927,-1.9733194
1890-10-01,-1.8666159,-1.8071278
1890-11-01,-1.8632748,-1.3936011
1890-12-01,-0.45091245,-0.73604196
1891-01-01,0.10606145,-0.1979595
1891-02-01,-0.2490275,0.10982367
1891-03-01,0.47243705,-0.109764256
1891-04-01,-0.5527023,0.067230545
1891-05-01,0.28195688,-0.18386148
1891-06-01,-0.280839,-0.09127314
1891-07-01,-0.2749373,-0.5074068
1891-08-01,-0.966444,-0.62413055
1891-09-01,-0.6310103,-0.5941491
1891-10-01,-0.18499309,-0.4294045
1891-11-01,-0.47221014,-0.51691216
1891-12-01,-0.89353335,-0.4840696
1892-01-01,-0.08646527,-0.48904577
1892-02-01,-0.4871388,-0.53401196
1892-03-01,-1.0284318,-0.91176337
1892-04-01,-1.2197193,-0.8834827
1892-05-01,-0.40229693,-0.9951868
1892-06-01,-1.3635442,-0.8726013
1892-07-01,-0.8519627,-1.1597086
1892-08-01,-1.2636187,-1.3924298
1892-09-01,-2.061708,-1.9870285
1892-10-01,-2.6357589,-2.202907
1892-11-01,-1.9112543,-2.0744565
1892-12-01,-1.6763558,-1.6185384
1893-01-01,-1.2680048,-1.4715886
1893-02-01,-1.4704051,-1.2905418
1893-03-01,-1.1332153,-1.5032126
1893-04-01,-1.9060174,-1.5277575
1893-05-01,-1.5440396,-1.6001741
1893-06-01,-1.3504652,-1.3741506
1893-07-01,-1.2279472,-1.2711644
1893-08-01,-1.2350806,-1.509642
1893-09-01,-2.065898,-1.7582628
1893-10-01,-1.9738098,-1.9747196
1893-11-01,-1.8844514,-1.7518287
1893-12-01,-1.397225,-1.5743121
1894-01-01,-1.44126,-1.3270398
1894-02-01,-1.1426344,-1.3729296
1894-03-01,-1.5348946,-1.4177109
1894-04-01,-1.5756042,-1.3798895
1894-05-01,-1.0291693,-1.3526459
1894-06-01,-1.4531642,-0.9365334
1894-07-01,-0.32726637,-0.9577572
1894-08-01,-1.092841,-0.88603693
1894-09-01,-1.2380035,-1.2486702
1894-10-01,-1.4151664,-1.1545515
1894-11-01,-0.8104846,-1.1150106
1894-12-01,-1.119381,-0.6860886
1895-01-01,-0.12840036,-0.89104635
1895-02-01,-1.4253578,-0.70694226
1895-03-01,-0.5670686,-0.6184455
1895-04-01,0.1370898,-0.25692835
1895-05-01,-0.3408063,-0.2730596
1895-06-01,-0.6154623,-0.394344
1895-07-01,-0.22676347,-0.27760276
1895-08-01,0.009417493,0.16915794
1895-09-01,0.72481984,0.2827371
1895-10-01,0.11397406,0.5667179
1895-11-01,0.8613599,0.27978694
1895-12-01,-0.13597308,0.2956194
1896-01-01,0.16147135,-0.047565296
1896-02-01,-0.16819416,0.07218092
1896-03-01,0.22326557,-0.055169243
1896-04-01,-0.22057915,-0.36648867
1896-05-01,-1.1021523,-0.4008889
1896-06-01,0.1200649,-0.115817286
1896-07-01,0.63463557,0.4950603
1896-08-01,0.73048043,0.6341527
1896-09-01,0.53734225,0.6891511
1896-10-01,0.79963064,0.84999895
1896-11-01,1.2130239,1.178788
1896-12-01,1.5237093,1.2296249
1897-01-01,0.95214134,1.1837355
1897-02-01,1.0753559,0.7236032
1897-03-01,0.14331213,0.2288696
1897-04-01,-0.5320592,-0.2951828
1897-05-01,-0.49680126,-0.44314197
1897-06-01,-0.3005655,-0.32522008
1897-07-01,-0.17829347,-0.36712554
1897-08-01,-0.6225177,-0.38493288
1897-09-01,-0.3539875,-0.6432822
1897-10-01,-0.9533414,-0.9115897
1897-11-01,-1.4274402,-1.0881736
1897-12-01,-0.8837393,-0.9647658
1898-01-01,-0.58311796,-0.9032275
1898-02-01,-1.2428253,-0.9607144
1898-03-01,-1.0562,-1.0507877
1898-04-01,-0.8533377,-0.87623984
1898-05-01,-0.7191817,-0.78565675
1898-06-01,-0.78445077,-0.8728873
1898-07-01,-1.1150292,-1.0949963
1898-08-01,-1.3855089,-1.1093261
1898-09-01,-0.8274403,-1.1673361
1898-10-01,-1.2890592,-1.1118208
1898-11-01,-1.2189629,-1.3341374
1898-12-01,-1.4943901,-1.2483493
1899-01-01,-1.031695,-1.223013
1899-02-01,-1.1429541,-1.2711807
1899-03-01,-1.638893,-1.2857385
1899-04-01,-1.0753685,-1.0297043
1899-05-01,-0.3748515,-0.7271719
1899-06-01,-0.7312956,-0.49106026
1899-07-01,-0.36703366,-0.47220895
1899-08-01,-0.31829754,-0.19513327
1899-09-01,0.09993143,0.15616588
1899-10-01,0.6868638,0.4922571
1899-11-01,0.68997604,0.8423703
1899-12-01,1.1502709,1.0292864
1900-01-01,1.2476122,1.1283139
1900-02-01,0.98705864,0.85856056
1900-03-01,0.3410108,0.6612055
1900-04-01,0.65554684,0.35284725
1900-05-01,0.06198411,0.3954275
1900-06-01,0.46875155,0.21422046
1900-07-01,0.11192572,0.07908461
1900-08-01,-0.34342343,-0.12428955
1900-09-01,-0.14137094,-0.1379711
1900-10-01,0.07088107,-0.25706375
1900-11-01,-0.70070136,-0.21254472
1900-12-01,-0.007813885,-0.219998
1901-01-01,0.048521228,-0.039234374
1901-02-01,-0.15841046,-0.19420923
1901-03-01,-0.4727385,-0.2304459
1901-04-01,-0.06018879,-0.3287053
1901-05-01,-0.4531887,-0.42557
1901-06-01,-0.76333255,-0.6934545
1901-07-01,-0.8638423,-0.8084564
1901-08-01,-0.79819435,-0.8113192
1901-09-01,-0.7719208,-0.9217182
1901-10-01,-1.1950395,-1.0226288
1901-11-01,-1.100926,-1.0127169
1901-12-01,-0.74218524,-0.8464008
1902-01-01,-0.6960912,-0.52536434
1902-02-01,-0.13781671,-0.45562482
1902-03-01,-0.5329665,-0.15284951
1902-04-01,0.21223466,-0.06167713
1902-05-01,0.13570042,0.37316585
1902-06-01,0.7715625,0.5679622
1902-07-01,0.7966237,0.753314
1902-08-01,0.69175565,0.7958911
1902-09-01,0.89929396,0.8552138
1902-10-01,0.9745917,1.1110252
1902-11-01,1.4591901,1.3854285
1902-12-01,1.722504,1.4124888
1903-01-01,1.0557722,1.2074295
1903-02-01,0.84401226,0.84737307
1903-03-01,0.6423349,0.44901276
1903-04-01,-0.13930887,-0.02712383
1903-05-01,-0.5843975,-0.4815379
1903-06-01,-0.7209074,-0.83881
1903-07-01,-1.2111253,-1.174177
1903-08-01,-1.5904983,-1.3503252
1903-09-01,-1.2493522,-1.4979315
1903-10-01,-1.653944,-1.4875373
1903-11-01,-1.5593153,-1.4684583
1903-12-01,-1.1921159,-1.4684024
1904-01-01,-1.6537759,-1.5855886
1904-02-01,-1.9108739,-1.3678983
1904-03-01,-0.5390452,-1.3424867
1904-04-01,-1.5775411,-0.92311686
1904-05-01,-0.6527644,-1.0243979
1904-06-01,-0.84288824,-0.623971
1904-07-01,-0.37626025,-0.32223782
1904-08-01,0.25243503,-0.17697065
1904-09-01,-0.40708667,0.026862204
1904-10-01,0.23523825,-0.041842077
1904-11-01,0.046322178,0.22056036
1904-12-01,0.38012066,0.26509145
1905-01-01,0.36883155,0.3281912
1905-02-01,0.23562138,0.30902147
1905-03-01,0.3226115,0.31591287
1905-04-01,0.3895057,0.5136436
1905-05-01,0.8288137,0.70445186
1905-06-01,0.8950363,0.92294484
1905-07-01,1.0449846,1.0327215
1905-08-01,1.1581438,1.040291
1905-09-01,0.91774434,0.9105734
1905-10-01,0.65583205,0.7085857
1905-11-01,0.5521805,0.72020674
1905-12-01,0.95260763,0.70900935
1906-01-01,0.62223995,0.61028343
1906-02-01,0.25600275,0.3336401
1906-03-01,0.122677565,0.044416387
1906-04-01,-0.24543115,-0.21321778
1906-05-01,-0.51689976,-0.59881985
1906-06-01,-1.0341287,-0.6202287
1906-07-01,-0.30965766,-0.8506574
1906-08-01,-1.2081858,-0.6614401
1906-09-01,-0.46647677,-1.0417496
1906-10-01,-1.4505863,-0.9010105
1906-11-01,-0.78596836,-0.8848176
1906-12-01,-0.41789815,-0.7920451
1907-01-01,-1.1722689,-0.9237183
1907-02-01,-1.180988,-1.2047173
1907-03-01,-1.2608951,-1.1739016
1907-04-01,-1.0798217,-0.9007196
1907-05-01,-0.3614419,-0.68104416
1907-06-01,-0.6018689,-0.332529
1907-07-01,-0.03427621,-0.5981978
1907-08-01,-1.1584483,-0.38333395
1907-09-01,0.042722676,-0.6339159
1907-10-01,-0.7860221,-0.46783027
1907-11-01,-0.66019136,-0.5956628
1907-12-01,-0.34077486,-0.44601858
1908-01-01,-0.3370895,-0.383913
1908-02-01,-0.47387466,-0.63350415
1908-03-01,-1.0895483,-0.92695254
1908-04-01,-1.2174345,-1.0478897
1908-05-01,-0.8366862,-0.96984977
1908-06-01,-0.85542846,-1.0211166
1908-07-01,-1.371235,-1.1390431
1908-08-01,-1.1904657,-1.3102063
1908-09-01,-1.3689182,-1.3479484
1908-10-01,-1.4844614,-1.429783
1908-11-01,-1.4359694,-1.4465853
1908-12-01,-1.4193252,-1.4031082
1909-01-01,-1.35403,-1.3616596
1909-02-01,-1.311624,-1.2642063
1909-03-01,-1.1269647,-1.1719699
1909-04-01,-1.077321,-0.9905267
1909-05-01,-0.7672945,-0.971739
1909-06-01,-1.0706012,-1.037515
1909-07-01,-1.2746491,-1.3750529
1909-08-01,-1.7799085,-1.5251628
1909-09-01,-1.5209306,-1.776699
1909-10-01,-2.0292575,-1.8277712
1909-11-01,-1.9331254,-1.9251968
1909-12-01,-1.8132077,-1.7112607
1910-01-01,-1.3874488,-1.6711925
1910-02-01,-1.8129209,-1.6705122
1910-03-01,-1.8111666,-1.8623129
1910-04-01,-1.9628515,-1.8508726
1910-05-01,-1.7785997,-1.6736795
1910-06-01,-1.2795871,-1.4256445
1910-07-01,-1.2187465,-1.2453485
1910-08-01,-1.2377118,-1.3790835
1910-09-01,-1.6807922,-1.5432428
1910-10-01,-1.7112243,-1.6173741
1910-11-01,-1.4601059,-1.4754366
1910-12-01,-1.2549794,-1.2424865
1911-01-01,-1.0123742,-1.1698226
1911-02-01,-1.242114,-1.0649544
1911-03-01,-0.9403754,-1.2503633
1911-04-01,-1.5686007,-1.1214353
1911-05-01,-0.8553298,-1.0578576
1911-06-01,-0.7496427,-0.5823769
1911-07-01,-0.142158,-0.2984734
1911-08-01,-0.0036194352,0.07607334
1911-09-01,0.37399745,0.20457925
1911-10-01,0.24335973,0.5986831
1911-11-01,1.1786922,0.64641136
1911-12-01,0.5171821,0.89087725
1912-01-01,0.97675747,0.76633865
1912-02-01,0.8050765,0.5353842
1912-03-01,-0.17568135,0.4611121
1912-04-01,0.7539412,0.12922733
1912-05-01,-0.19057785,-0.08526037
1912-06-01,-0.8191444,-0.42947987
1912-07-01,-0.2787174,-0.68106323
1912-08-01,-0.94532794,-0.4451395
1912-09-01,-0.11137318,-0.5249852
1912-10-01,-0.5182545,-0.45985076
1912-11-01,-0.74992454,-0.64841104
1912-12-01,-0.67705405,-0.662118
1913-01-01,-0.55937546,-0.5858278
1913-02-01,-0.52105397,-0.4828216
1913-03-01,-0.3680355,-0.5459023
1913-04-01,-0.74861753,-0.51798654
1913-05-01,-0.4373066,-0.62004703
1913-06-01,-0.6742168,-0.41678306
1913-07-01,-0.13882573,-0.24774659
1913-08-01,0.06980276,-0.18273927
1913-09-01,-0.47919488,-0.25580898
1913-10-01,-0.35803485,-0.3054277
1913-11-01,-0.07905342,0.04605919
1913-12-01,0.5752658,0.34460926
1914-01-01,0.5376154,0.70791084
1914-02-01,1.0108513,0.5298886
1914-03-01,0.041198984,0.3830668
1914-04-01,0.09715016,-0.050789088
1914-05-01,-0.2907164,-0.0067971894
1914-06-01,0.17317468,-0.14334643
1914-07-01,-0.31249756,0.14128743
1914-08-01,0.56318516,0.426181
1914-09-01,1.0278554,0.61516404
1914-10-01,0.25445157,0.54322505
1914-11-01,0.34736824,0.47954488
1914-12-01,0.8368148,0.44983038
1915-01-01,0.16530797,0.30952036
1915-02-01,-0.07356166,0.08335247
1915-03-01,0.15831108,-0.08712108
1915-04-01,-0.34611267,0.24558632
1915-05-01,0.92456055,0.15666933
1915-06-01,-0.1084399,0.4453771
1915-07-01,0.5200107,-0.022089371
1915-08-01,-0.47783893,-0.22689705
1915-09-01,-0.7228629,-0.5739875
1915-10-01,-0.5212607,-0.66907
1915-11-01,-0.76308644,-0.94525844
1915-12-01,-1.5514282,-1.0419583
1916-01-01,-0.81136024,-0.75742435
1916-02-01,0.09051546,-0.5987723
1916-03-01,-1.0754721,-0.3782874
1916-04-01,-0.1499055,-0.72764355
1916-05-01,-0.9575532,-0.61499524
1916-06-01,-0.73752695,-1.1344604
1916-07-01,-1.7083012,-1.3710953
1916-08-01,-1.6674577,-1.5115032
1916-09-01,-1.158751,-1.8513159
1916-10-01,-2.7277386,-1.9325746
1916-11-01,-1.9112339,-2.2957592
1916-12-01,-2.2483056,-2.2848933
1917-01-01,-2.6951404,-2.5612962
1917-02-01,-2.7404428,-2.3188035
1917-03-01,-1.5208277,-1.543249
1917-04-01,-0.3684764,-0.89975977
1917-05-01,-0.8099753,-0.88323975
1917-06-01,-1.4712673,-1.123248
1917-07-01,-1.0885015,-0.87837505
1917-08-01,-0.07535654,-0.6686768
1917-09-01,-0.84217244,-0.4708494
1917-10-01,-0.49501917,-1.1256887
1917-11-01,-2.0398746,-1.2828478
1917-12-01,-1.3136495,-1.4747149
1918-01-01,-1.0706208,-1.1070875
1918-02-01,-0.93699205,-0.9991898
1918-03-01,-0.9899566,-0.8074529
1918-04-01,-0.49541014,-0.61355186
1918-05-01,-0.35528877,-0.26254275
1918-06-01,0.063070655,-0.15054992
1918-07-01,-0.15943164,-0.070956625
1918-08-01,-0.11650891,0.35504448
1918-09-01,1.341074,0.35774395
1918-10-01,-0.15133323,0.6426692
1918-11-01,0.7382669,0.45362625
1918-12-01,0.7739451,0.6156313
1919-01-01,0.3346817,0.3641125
1919-02-01,-0.016289353,0.11469472
1919-03-01,0.025691831,-0.014820908
1919-04-01,-0.0538652,-0.23733087
1919-05-01,-0.68381923,-0.24816732
1919-06-01,-0.0068175155,-0.23859292
1919-07-01,-0.025142,-0.14796077
1919-08-01,-0.4119228,0.19382714
1919-09-01,1.0185462,-0.00568076
1919-10-01,-0.6236657,0.08798927
1919-11-01,-0.13091274,0.17173487
1919-12-01,1.269783,0.54144675
1920-01-01,0.4854701,0.38501978
1920-02-01,-0.6001937,0.107966356
1920-03-01,0.43862265,-0.19334038
1920-04-01,-0.4184501,-0.20561516
1920-05-01,-0.6370181,-0.34152022
1920-06-01,0.030907493,-0.14984289
1920-07-01,0.15658191,-0.16365631
1920-08-01,-0.67845833,-0.025641868
1920-09-01,0.44495085,-0.21683943
1920-10-01,-0.41701084,-0.25926813
1920-11-01,-0.8057444,-0.7127126
1920-12-01,-0.9153826,-0.8033472
1921-01-01,-0.68891454,-0.86271125
1921-02-01,-0.98383653,-1.1765329
1921-03-01,-1.8568476,-1.2210513
1921-04-01,-0.8224697,-1.2609453
1921-05-01,-1.1035184,-0.9716382
1921-06-01,-0.9889266,-0.91170263
1921-07-01,-0.6426631,-0.7794009
1921-08-01,-0.7066131,-0.50137573
1921-09-01,-0.15485086,-0.5404436
1921-10-01,-0.75986683,-0.6760532
1921-11-01,-1.1134421,-0.5468666
1921-12-01,0.2327092,-0.7153427
1922-01-01,-1.2652951,-0.51154953
1922-02-01,-0.5020627,-0.58502746
1922-03-01,0.012275464,-0.41936457
1922-04-01,-0.7683065,-0.5667511
1922-05-01,-0.94422233,-0.96342677
1922-06-01,-1.1777513,-1.0536002
1922-07-01,-1.0388271,-1.1852456
1922-08-01,-1.3391587,-1.0845525
1922-09-01,-0.8756719,-1.1489136
1922-10-01,-1.2319102,-1.0460545
1922-11-01,-1.0305814,-1.0673574
1922-12-01,-0.9395805,-1.1046008
1923-01-01,-1.3436404,-1.1551765
1923-02-01,-1.1823083,-1.1951163
1923-03-01,-1.0594001,-0.9083438
1923-04-01,-0.4833231,-0.6515855
1923-05-01,-0.41203344,-0.41192672
1923-06-01,-0.3404236,-0.40978196
1923-07-01,-0.4768889,-0.29176536
1923-08-01,-0.057983596,-0.11016524
1923-09-01,0.20437677,0.061996143
1923-10-01,0.039595254,0.2011006
1923-11-01,0.3593298,0.25528207
1923-12-01,0.36692125,0.2394379
1924-01-01,-0.00793729,0.16362086
1924-02-01,0.13187861,-0.12261766
1924-03-01,-0.49179432,-0.38749382
1924-04-01,-0.8025657,-0.76821446
1924-05-01,-1.0102834,-0.9536589
1924-06-01,-1.0481278,-1.1923984
1924-07-01,-1.5187842,-1.2116598
1924-08-01,-1.0680674,-1.3536434
1924-09-01,-1.4740784,-1.3388604
1924-10-01,-1.4744354,-1.5539702
1924-11-01,-1.7133967,-1.5228038
1924-12-01,-1.3805792,-1.6089679
1925-01-01,-1.7329278,-1.3321537
1925-02-01,-0.882954,-1.0857828
1925-03-01,-0.6414663,-0.80932075
1925-04-01,-0.9035421,-0.8418219
1925-05-01,-0.98045737,-0.7983339
1925-06-01,-0.5110021,-0.58177453
1925-07-01,-0.25386423,-0.26469654
1925-08-01,-0.02922326,-0.11599878
1925-09-01,-0.06490888,0.018793738
1925-10-01,0.15051335,0.23940937
1925-11-01,0.6326236,0.47728983
1925-12-01,0.6487326,0.570343
1926-01-01,0.42967287,0.51946396
1926-02-01,0.47998637,0.48631176
1926-03-01,0.54927605,0.462355
1926-04-01,0.35780254,0.39651307
1926-05-01,0.2824605,0.10468915
1926-06-01,-0.32619563,-0.07558554
1926-07-01,-0.18302149,-0.38121924
1926-08-01,-0.6344405,-0.46252313
1926-09-01,-0.57010746,-0.8776303
1926-10-01,-1.428343,-1.0535363
1926-11-01,-1.1621581,-1.1368934
1926-12-01,-0.82017887,-0.9352484
1927-01-01,-0.8234081,-0.7067413
1927-02-01,-0.47663686,-0.7092025
1927-03-01,-0.8275625,-0.8034916
1927-04-01,-1.1062756,-0.9494877
1927-05-01,-0.914625,-0.85899895
1927-06-01,-0.5560962,-0.80618304
1927-07-01,-0.9478279,-0.74407464
1927-08-01,-0.7282998,-0.7424547
1927-09-01,-0.5512363,-0.44285962
1927-10-01,-0.049042776,-0.44982684
1927-11-01,-0.7492015,-0.39986336
1927-12-01,-0.40134582,-0.44105932
1928-01-01,-0.17263065,-0.2337007
1928-02-01,-0.12712562,-0.36719045
1928-03-01,-0.8018151,-0.44219878
1928-04-01,-0.39765564,-0.61904734
1928-05-01,-0.6576712,-0.6196371
1928-06-01,-0.80358434,-0.66654927
1928-07-01,-0.5383923,-0.60946774
1928-08-01,-0.48642662,-0.567258
1928-09-01,-0.6769551,-0.54957795
1928-10-01,-0.48535222,-0.5965238
1928-11-01,-0.6272643,-0.5923326
1928-12-01,-0.66438127,-0.74093956
1929-01-01,-0.931173,-0.9563308
1929-02-01,-1.273438,-0.9761422
1929-03-01,-0.7238158,-0.95845413
1929-04-01,-0.87810874,-0.77191395
1929-05-01,-0.71381724,-0.6946521
1929-06-01,-0.4920303,-0.5680712
1929-07-01,-0.49836615,-0.489278
1929-08-01,-0.47743753,-0.28921482
1929-09-01,0.10815922,-0.22481303
1929-10-01,-0.3051608,-0.12793879
1929-11-01,-0.18681477,-0.27426744
1929-12-01,-0.3308268,-0.13783357
1930-01-01,0.10414084,-0.13111246
1930-02-01,-0.16665144,-0.049885258
1930-03-01,-0.08714517,-0.12997712
1930-04-01,-0.13613476,0.018532038
1930-05-01,0.27887604,-0.047621462
1930-06-01,-0.28560567,0.08008586
1930-07-01,0.24698721,0.019814007
1930-08-01,0.09806048,0.3788425
1930-09-01,0.7914799,0.5477805
1930-10-01,0.7538012,0.91982895
1930-11-01,1.2142057,0.98282665
1930-12-01,0.98047286,1.0615387
1931-01-01,0.9899375,0.8926782
1931-02-01,0.70762414,0.7387822
1931-03-01,0.51878506,0.4568487
1931-04-01,0.14413694,0.2571897
1931-05-01,0.10864704,-0.017344534
1931-06-01,-0.3048176,-0.21588607
1931-07-01,-0.45148772,-0.33912948
1931-08-01,-0.26108316,-0.6022112
1931-09-01,-1.0940627,-0.8729107
1931-10-01,-1.2635863,-1.1188706
1931-11-01,-0.998963,-1.1144248
1931-12-01,-1.0807252,-1.1271504
1932-01-01,-1.3017632,-1.073927
1932-02-01,-0.83929294,-0.82082516
1932-03-01,-0.3214194,-0.4721289
1932-04-01,-0.2556744,-0.27726308
1932-05-01,-0.25469548,-0.3270043
1932-06-01,-0.47064307,-0.42951527
1932-07-01,-0.56320727,-0.6309783
1932-08-01,-0.8590845,-0.67265224
1932-09-01,-0.5956649,-0.7454435
1932-10-01,-0.78158116,-0.59947175
1932-11-01,-0.42116916,-0.64952826
1932-12-01,-0.7458344,-0.6229957
1933-01-01,-0.7019834,-0.7615853
1933-02-01,-0.8369382,-0.80104756
1933-03-01,-0.8642211,-0.8848234
1933-04-01,-0.9533109,-0.9955206
1933-05-01,-1.1690297,-1.1774188
1933-06-01,-1.4099157,-1.3192481
1933-07-01,-1.3787988,-1.4361496
1933-08-01,-1.5197343,-1.5270413
1933-09-01,-1.6825908,-1.5509318
1933-10-01,-1.4504703,-1.6923078
1933-11-01,-1.9438621,-1.7925426
1933-12-01,-1.9832954,-1.7969675
1934-01-01,-1.4637452,-1.5903568
1934-02-01,-1.32403,-1.3787335
1934-03-01,-1.3484251,-1.116222
1934-04-01,-0.6762106,-0.9209153
1934-05-01,-0.7381102,-0.68521017
1934-06-01,-0.6413097,-0.5757652
1934-07-01,-0.34787574,-0.55334514
1934-08-01,-0.6708499,-0.60245776
1934-09-01,-0.7886477,-0.7910457
1934-10-01,-0.9136396,-0.735478
1934-11-01,-0.50414675,-0.71101665
1934-12-01,-0.7152637,-0.72260356
1935-01-01,-0.9484002,-0.77087045
1935-02-01,-0.64894754,-0.7783506
1935-03-01,-0.7377041,-0.8232396
1935-04-01,-1.0830672,-0.95052785
1935-05-01,-1.0308124,-0.9455512
1935-06-01,-0.7227739,-0.851597
1935-07-01,-0.8012048,-0.6862474
1935-08-01,-0.5347635,-0.58934706
1935-09-01,-0.43207285,-0.432911
1935-10-01,-0.33189666,-0.35370317
1935-11-01,-0.29714,-0.43230185
1935-12-01,-0.66786885,-0.37267026
1936-01-01,-0.1530019,-0.334958
1936-02-01,-0.18400323,-0.3045564
1936-03-01,-0.57666403,-0.4400587
1936-04-01,-0.55950886,-0.49787804
1936-05-01,-0.35746118,-0.58413386
1936-06-01,-0.8354316,-0.6986213
1936-07-01,-0.90297115,-0.79128975
1936-08-01,-0.63546646,-0.7333366
1936-09-01,-0.6615722,-0.631638
1936-10-01,-0.59787524,-0.70721394
1936-11-01,-0.86219436,-0.715123
1936-12-01,-0.6852993,-0.8717696
1937-01-01,-1.067815,-0.6916874
1937-02-01,-0.321948,-0.5211591
1937-03-01,-0.17371452,-0.36714873
1937-04-01,-0.6057837,-0.51811594
1937-05-01,-0.7748496,-0.7183935
1937-06-01,-0.7745472,-0.74415416
1937-07-01,-0.6830658,-0.65997165
1937-08-01,-0.52230203,-0.5034416
1937-09-01,-0.30495694,-0.5075975
1937-10-01,-0.6955335,-0.47248352
1937-11-01,-0.4169601,-0.56089884
1937-12-01,-0.5702029,-0.70460224
1938-01-01,-1.1266438,-0.839189
1938-02-01,-0.82072014,-1.0776352
1938-03-01,-1.2855415,-1.0111953
1938-04-01,-0.92732406,-1.0177613
1938-05-01,-0.8404187,-1.0343083
1938-06-01,-1.3351823,-1.314874
1938-07-01,-1.7690212,-1.7890072
1938-08-01,-2.2628183,-1.7817599
1938-09-01,-1.3134404,-1.5241772
1938-10-01,-0.9962728,-1.225957
1938-11-01,-1.368158,-1.2378211
1938-12-01,-1.3490325,-1.4626194
1939-01-01,-1.6706679,-1.1592205
1939-02-01,-0.45796078,-1.1098119
1939-03-01,-1.200807,-0.71371007
1939-04-01,-0.4823626,-0.7591727
1939-05-01,-0.5943484,-0.49942127
1939-06-01,-0.42155296,-0.3417764
1939-07-01,-0.00942793,-0.27973127
1939-08-01,-0.40821293,-0.08646858
1939-09-01,0.15823515,-0.20551866
1939-10-01,-0.36657822,-0.13820069
1939-11-01,-0.206259,-0.38614324
1939-12-01,-0.5855925,-0.087547146
1940-01-01,0.5292101,0.41470623
1940-02-01,1.3005011,0.73724467
1940-03-01,0.38202286,0.517687
1940-04-01,-0.12946288,0.18190789
1940-05-01,0.2931637,0.058438256
1940-06-01,0.0116139585,-0.038424045
1940-07-01,-0.4200498,0.15640606
1940-08-01,0.877654,0.14844464
1940-09-01,-0.012270299,0.4294245
1940-10-01,0.4228897,0.3750744
1940-11-01,0.7146037,0.79864854
1940-12-01,1.2584522,1.0949512
1941-01-01,1.3117977,1.3579623
1941-02-01,1.5036366,1.1348048
1941-03-01,0.5889802,0.9373389
1941-04-01,0.7194,0.5663741
1941-05-01,0.39074215,0.47395217
1941-06-01,0.3117144,0.37791124
1941-07-01,0.4312771,0.34234348
1941-08-01,0.28403902,0.39139494
1941-09-01,0.45886868,0.36463678
1941-10-01,0.35100263,0.48446378
1941-11-01,0.64352,0.76922154
1941-12-01,1.313142,0.80647755
1942-01-01,0.46277073,0.6367981
1942-02-01,0.13448168,0.21182625
1942-03-01,0.038226333,0.12446191
1942-04-01,0.20067771,-0.07023697
1942-05-01,-0.44961497,-0.3798733
1942-06-01,-0.8906827,-0.82565063
1942-07-01,-1.1366541,-1.1983272
1942-08-01,-1.567645,-1.5762678
1942-09-01,-2.0245044,-1.835024
1942-10-01,-1.9129229,-1.9967295
1942-11-01,-2.0527616,-1.8154839
1942-12-01,-1.4807674,-1.809924
1943-01-01,-1.896243,-1.7028884
1943-02-01,-1.7316545,-1.7387651
1943-03-01,-1.5883979,-1.4910742
1943-04-01,-1.1531703,-1.1932055
1943-05-01,-0.83804816,-0.83557767
1943-06-01,-0.51551443,-0.58451694
1943-07-01,-0.3999881,-0.31918204
1943-08-01,-0.042043544,-0.3489165
1943-09-01,-0.6047178,-0.49732384
1943-10-01,-0.8452101,-0.7415571
1943-11-01,-0.7747436,-0.7985449
1943-12-01,-0.7756811,-0.8124876
1944-01-01,-0.88703823,-0.6643351
1944-02-01,-0.33028603,-0.51300687
1944-03-01,-0.32169625,-0.19549906
1944-04-01,0.06548513,-0.17233074
1944-05-01,-0.26078108,-0.07012936
1944-06-01,-0.0150921205,-0.113542795
1944-07-01,-0.064755164,-0.114655346
1944-08-01,-0.26411876,-0.47660962
1944-09-01,-1.1009549,-0.83701277
1944-10-01,-1.1459645,-1.090487
1944-11-01,-1.0245415,-0.9492015
1944-12-01,-0.6770985,-0.8962311
1945-01-01,-0.9870532,-0.9892842
1945-02-01,-1.303701,-1.1589693
1945-03-01,-1.1861533,-1.1718435
1945-04-01,-1.0256764,-1.0833222
1945-05-01,-1.038137,-0.588484
1945-06-01,0.29836133,-0.6603212
1945-07-01,-1.2411879,-0.52607816
1945-08-01,-0.63540787,-0.89817
1945-09-01,-0.8179143,-0.75116616
1945-10-01,-0.8001763,-0.8616949
1945-11-01,-0.9669941,-0.67373204
1945-12-01,-0.2540256,-0.5936418
1946-01-01,-0.5599057,-0.5975694
1946-02-01,-0.97877693,-0.664001
1946-03-01,-0.45332024,-0.7485264
1946-04-01,-0.81348205,-0.60817146
1946-05-01,-0.557712,-0.67737204
1946-06-01,-0.660922,-0.6516834
1946-07-01,-0.7364163,-0.94770956
1946-08-01,-1.4457904,-0.5095859
1946-09-01,0.65344876,-0.28598747
1946-10-01,-0.06562079,0.10729087
1946-11-01,-0.26595536,-0.35095432
1946-12-01,-0.72128683,-0.30079442
1947-01-01,0.08485894,-0.3162478
1947-02-01,-0.31231546,-0.21661215
1947-03-01,-0.4223799,-0.28176564
1947-04-01,-0.11060153,-0.47825012
1947-05-01,-0.9017688,-0.33569005
1947-06-01,0.0053001656,-0.42159018
1947-07-01,-0.3683018,-0.35242352
1947-08-01,-0.6942689,-0.6220155
1947-09-01,-0.8034757,-0.9339042
1947-10-01,-1.3039681,-1.1575733
1947-11-01,-1.3652762,-0.95526177
1947-12-01,-0.19654104,-0.6644736
1948-01-01,-0.43160352,-0.18846126
1948-02-01,0.06276079,-0.055416416
1948-03-01,0.20259348,0.029633546
1948-04-01,-0.17645364,0.056906957
1948-05-01,0.14458103,-0.13816585
1948-06-01,-0.38262492,-0.13822302
1948-07-01,-0.17662518,-0.3447958
1948-08-01,-0.47513726,-0.4433968
1948-09-01,-0.67842805,-0.802666
1948-10-01,-1.2544329,-1.1269822
1948-11-01,-1.4480855,-0.8807828
1948-12-01,0.06017008,-0.636519
1949-01-01,-0.5216415,-0.15916823
1949-02-01,-0.016033284,-0.51291424
1949-03-01,-1.001068,-0.42474636
1949-04-01,-0.25713772,-0.39907277
1949-05-01,0.060987335,-0.54007965
1949-06-01,-1.4240885,-0.6743445
1949-07-01,-0.6599322,-0.8907399
1949-08-01,-0.5881991,-0.6912431
1949-09-01,-0.825598,-0.7546513
1949-10-01,-0.85015684,-1.1863492
1949-11-01,-1.8832927,-1.4226347
1949-12-01,-1.5344551,-1.7230464
1950-01-01,-1.7513916,-1.6595217
1950-02-01,-1.6927183,-1.5465409
1950-03-01,-1.1955129,-1.4561888
1950-04-01,-1.4803351,-1.4920052
1950-05-01,-1.8001674,-1.5290356
1950-06-01,-1.3066041,-1.3577724
1950-07-01,-0.96654564,-1.0777686
1950-08-01,-0.960156,-1.0390972
1950-09-01,-1.1905898,-1.0355998
1950-10-01,-0.9560536,-1.1532079
1950-11-01,-1.3129805,-1.1574866
1950-12-01,-1.2034254,-1.2514272
1951-01-01,-1.2378756,-1.0036048
1951-02-01,-0.5695132,-0.7007508
1951-03-01,-0.29486367,-0.3692433
1951-04-01,-0.24335307,-0.24556875
1951-05-01,-0.19848952,-0.158226
1951-06-01,-0.032835383,0.040137257
1951-07-01,0.35173666,0.2499711
1951-08-01,0.4310121,0.4273415
1951-09-01,0.49927574,0.54455054
1951-10-01,0.7033638,0.501058
1951-11-01,0.3005344,0.46893534
1951-12-01,0.4029079,0.24337901
1952-01-01,0.026694736,0.18424682
1952-02-01,0.1231378,-0.07701004
1952-03-01,-0.38086265,-0.008206531
1952-04-01,0.23310526,-0.22766896
1952-05-01,-0.5352495,-0.49912652
1952-06-01,-1.1952354,-0.8994429
1952-07-01,-0.9678439,-0.9077454
1952-08-01,-0.5601571,-0.67270905
1952-09-01,-0.49012622,-0.44818226
1952-10-01,-0.29426342,-0.492061
1952-11-01,-0.6917934,-0.60554296
1952-12-01,-0.8305722,-0.40754232
1953-01-01,0.29973865,-0.09354634
1953-02-01,0.25019452,0.15330265
1953-03-01,-0.09002526,0.14938176
1953-04-01,0.28797603,0.15046604
1953-05-01,0.25344735,0.33911315
1953-06-01,0.47591612,0.27548176
1953-07-01,0.09708185,0.17071037
1953-08-01,-0.060866863,0.20750703
1953-09-01,0.5863061,0.11513835
1953-10-01,-0.18002422,0.2493176
1953-11-01,0.34167096,0.02569726
1953-12-01,-0.08455496,0.093754075
1954-01-01,0.024146222,0.06680626
1954-02-01,0.2608275,0.006022066
1954-03-01,-0.26690754,-0.32010046
1954-04-01,-0.9542213,-0.68381613
1954-05-01,-0.83031946,-0.9115977
1954-06-01,-0.95025235,-0.94083214
1954-07-01,-1.0419247,-1.1371546
1954-08-01,-1.4192868,-1.30365
1954-09-01,-1.4497384,-1.2123432
1954-10-01,-0.7680045,-1.0484327
1954-11-01,-0.9275553,-0.8906495
1954-12-01,-0.97638875,-0.9050539
1955-01-01,-0.8112179,-0.84329414
1955-02-01,-0.7422758,-0.8238943
1955-03-01,-0.9181894,-0.91536254
1955-04-01,-1.0856224,-1.171009
1955-05-01,-1.5092151,-1.2094773
1955-06-01,-1.033594,-1.3399286
1955-07-01,-1.4769768,-1.1867025
1955-08-01,-1.0495367,-1.3927879
1955-09-01,-1.65185,-1.5861593
1955-10-01,-2.0570917,-1.9718696
1955-11-01,-2.2066672,-2.0789788
1955-12-01,-1.973178,-1.9340177
1956-01-01,-1.6222075,-1.4680315
1956-02-01,-0.808709,-1.0835012
1956-03-01,-0.81958705,-0.8661149
1956-04-01,-0.97004855,-0.8837761
1956-05-01,-0.86169267,-0.8720301
1956-06-01,-0.78434896,-0.87463266
1956-07-01,-0.97785634,-0.9495837
1956-08-01,-1.0865456,-0.95994496
1956-09-01,-0.81543297,-0.894067
1956-10-01,-0.7802223,-0.9032855
1956-11-01,-1.1142013,-0.84533197
1956-12-01,-0.6415725,-0.79665416
1957-01-01,-0.6341887,-0.56367546
1957-02-01,-0.41526535,-0.33461687
1957-03-01,0.045603476,-0.03869037
1957-04-01,0.25359076,0.25783306
1957-05-01,0.47430494,0.3357201
1957-06-01,0.27926454,0.4111443
1957-07-01,0.47986338,0.5610158
1957-08-01,0.9239193,0.5913219
1957-09-01,0.3701829,0.65615875
1957-10-01,0.67437416,0.63419014
1957-11-01,0.8580133,0.91366714
1957-12-01,1.2086139,1.2108396
1958-01-01,1.5658919,1.3969102
1958-02-01,1.416225,1.3122507
1958-03-01,0.95463556,0.87349206
1958-04-01,0.2496156,0.4685979
1958-05-01,0.20154251,0.1854585
1958-06-01,0.105217375,0.08732609
1958-07-01,-0.044781618,0.034490053
1958-08-01,0.0430344,-0.121383816
1958-09-01,-0.36240423,-0.18683197
1958-10-01,-0.24112609,-0.22053921
1958-11-01,-0.05808735,-0.11456288
1958-12-01,-0.044475187,0.15588142
1959-01-01,0.5702068,0.31416044
1959-02-01,0.41674966,0.36398816
1959-03-01,0.10500802,0.18021996
1959-04-01,0.018902265,0.019710002
1959-05-01,-0.06478028,-0.14294763
1959-06-01,-0.38296488,-0.39069057
1959-07-01,-0.7243266,-0.584289
1959-08-01,-0.64557546,-0.67217237
1959-09-01,-0.6466149,-0.50920814
1959-10-01,-0.2354342,-0.40950754
1959-11-01,-0.34647357,-0.24030496
1959-12-01,-0.13900717,-0.2666453
1960-01-01,-0.31445524,-0.26856726
1960-02-01,-0.35223937,-0.25226516
1960-03-01,-0.0901008,-0.23459215
1960-04-01,-0.26143628,-0.20524193
1960-05-01,-0.26418874,-0.3421187
1960-06-01,-0.5007311,-0.41117755
1960-07-01,-0.46861285,-0.39190567
1960-08-01,-0.20637305,-0.2877896
1960-09-01,-0.18838301,-0.27598488
1960-10-01,-0.4331986,-0.4344051
1960-11-01,-0.6816337,-0.5379339
1960-12-01,-0.49896938,-0.501137
1961-01-01,-0.3228081,-0.32839772
1961-02-01,-0.1634157,-0.3050048
1961-03-01,-0.42879066,-0.35050976
1961-04-01,-0.45932296,-0.39350852
1961-05-01,-0.29241186,-0.25873566
1961-06-01,-0.024472132,-0.27208045
1961-07-01,-0.49935734,-0.38527235
1961-08-01,-0.6319875,-0.66265506
1961-09-01,-0.85662043,-0.7906029
1961-10-01,-0.8832009,-0.73339987
1961-11-01,-0.46037832,-0.6180446
1961-12-01,-0.5105546,-0.5192203
1962-01-01,-0.586728,-0.51572496
1962-02-01,-0.4498923,-0.49714804
1962-03-01,-0.45482382,-0.50632644
1962-04-01,-0.6142632,-0.63919616
1962-05-01,-0.84850144,-0.66590863
1962-06-01,-0.5349613,-0.62030774
1962-07-01,-0.47746062,-0.4721304
1962-08-01,-0.40396932,-0.5653725
1962-09-01,-0.81468767,-0.6303002
1962-10-01,-0.6722436,-0.7660156
1962-11-01,-0.81111544,-0.7612977
1962-12-01,-0.800534,-0.7894879
1963-01-01,-0.75681424,-0.69166017
1963-02-01,-0.5176322,-0.5024477
1963-03-01,-0.23289666,-0.34727654
1963-04-01,-0.29130074,-0.31457314
1963-05-01,-0.41952205,-0.357785
1963-06-01,-0.36253214,-0.03908257
1963-07-01,0.6648065,0.2902751
1963-08-01,0.56855094,0.6260895
1963-09-01,0.6449111,0.62142783
1963-10-01,0.6508215,0.6164906
1963-11-01,0.5537392,0.6775566
1963-12-01,0.8281091,0.6633708
1964-01-01,0.6082641,0.5849795
1964-02-01,0.31856525,0.19134705
1964-03-01,-0.35278824,-0.2988815
1964-04-01,-0.86242145,-0.7951383
1964-05-01,-1.1702051,-1.0815285
1964-06-01,-1.2119589,-1.1460582
1964-07-01,-1.0560105,-1.135634
1964-08-01,-1.1389325,-1.1670114
1964-09-01,-1.3060914,-1.1967996
1964-10-01,-1.1453748,-1.3109616
1964-11-01,-1.4814185,-1.3005114
1964-12-01,-1.2747408,-1.2117814
1965-01-01,-0.8791846,-0.87212515
1965-02-01,-0.46245003,-0.57756466
1965-03-01,-0.39105937,-0.40539622
1965-04-01,-0.36267924,-0.28026527
1965-05-01,-0.08705718,-0.012098342
1965-06-01,0.4134414,0.29922256
1965-07-01,0.57128346,0.632509
1965-08-01,0.91280216,0.8053617
1965-09-01,0.9319995,1.0770279
1965-10-01,1.3862821,1.1805949
1965-11-01,1.223503,1.3106405
1965-12-01,1.3221364,1.1713796
1966-01-01,0.9684992,0.9397698
1966-02-01,0.52867395,0.7007939
1966-03-01,0.6052085,0.45663515
1966-04-01,0.23602298,0.03660802
1966-05-01,-0.7314074,-0.1922968
1966-06-01,-0.08150599,-0.24044289
1966-07-01,0.09158475,-0.14072953
1966-08-01,-0.43226737,-0.25608382
1966-09-01,-0.42756882,-0.45651948
1966-10-01,-0.50972223,-0.47710088
1966-11-01,-0.4940116,-0.54681474
1966-12-01,-0.63671035,-0.6403549
1967-01-01,-0.7903426,-0.70147175
1967-02-01,-0.67736214,-0.7255872
1967-03-01,-0.7090568,-0.8052009
1967-04-01,-1.0291836,-0.7628706
1967-05-01,-0.55037135,-0.5796936
1967-06-01,-0.15952581,-0.37363997
1967-07-01,-0.41102275,-0.40317464
1967-08-01,-0.63897544,-0.64918226
1967-09-01,-0.8975486,-0.76806957
1967-10-01,-0.76768464,-0.7579787
1967-11-01,-0.6087027,-0.67984456
1967-12-01,-0.6631462,-0.7157437
1968-01-01,-0.87538207,-0.85833406
1968-02-01,-1.0364739,-0.97809297
1968-03-01,-1.0224231,-0.9290889
1968-04-01,-0.72836965,-0.8753154
1968-05-01,-0.8751536,-0.52872777
1968-06-01,0.017339924,-0.24839772
1968-07-01,0.112620495,0.04720931
1968-08-01,0.011667516,-0.009116326
1968-09-01,-0.15163699,-0.020630063
1968-10-01,0.078079276,0.14853965
1968-11-01,0.51917666,0.34625074
1968-12-01,0.44149628,0.6330296
1969-01-01,0.93841577,0.7430242
1969-02-01,0.84916055,0.7329764
1969-03-01,0.41135272,0.46830714
1969-04-01,0.1444081,0.28777292
1969-05-01,0.30755788,0.18765531
1969-06-01,0.11099992,0.057774376
1969-07-01,-0.24523467,-0.022620993
1969-08-01,0.066371776,0.0197364
1969-09-01,0.2380721,0.24519615
1969-10-01,0.43114457,0.35767427
1969-11-01,0.40380627,0.4954765
1969-12-01,0.65147877,0.4136702
1970-01-01,0.1857257,0.22152574
1970-02-01,-0.17262723,-0.011563342
1970-03-01,-0.047788505,-0.06673179
1970-04-01,0.020220375,-0.115097426
1970-05-01,-0.31772414,-0.31451967
1970-06-01,-0.6460553,-0.6768753
1970-07-01,-1.0668464,-0.9400074
1970-08-01,-1.1071206,-1.1027638
1970-09-01,-1.1343243,-1.0557346
1970-10-01,-0.9257589,-1.0794274
1970-11-01,-1.1781988,-1.099408
1970-12-01,-1.1942664,-1.3761954
1971-01-01,-1.7561213,-1.5042192
1971-02-01,-1.5622699,-1.5664277
1971-03-01,-1.3808919,-1.365889
1971-04-01,-1.1545047,-1.1764156
1971-05-01,-0.99385023,-1.1208814
1971-06-01,-1.2142891,-1.0636883
1971-07-01,-0.98292536,-1.0186349
1971-08-01,-0.85869044,-0.9326515
1971-09-01,-0.9563388,-0.9849259
1971-10-01,-1.1397483,-1.0735601
1971-11-01,-1.1245933,-1.1198239
1971-12-01,-1.0951303,-1.0074763
1972-01-01,-0.80270517,-0.7521854
1972-02-01,-0.3587208,-0.48209944
1972-03-01,-0.28487247,-0.2403311
1972-04-01,-0.077399954,-0.11349642
1972-05-01,0.021783186,0.078153886
1972-06-01,0.29007843,0.3243115
1972-07-01,0.6610729,0.6553229
1972-08-01,1.0148174,0.92748374
1972-09-01,1.1065608,1.1886877
1972-10-01,1.4446847,1.3881668
1972-11-01,1.6132547,1.5850183
1972-12-01,1.6971154,1.5402588
1973-01-01,1.3104061,1.3600016
1973-02-01,1.0724833,0.91778994
1973-03-01,0.3704806,0.27376956
1973-04-01,-0.62165517,-0.3962171
1973-05-01,-0.93747675,-0.9117082
1973-06-01,-1.1759926,-1.1719631
1973-07-01,-1.4024199,-1.3337342
1973-08-01,-1.4227898,-1.4413317
1973-09-01,-1.4987856,-1.563868
1973-10-01,-1.7700286,-1.8771707
1973-11-01,-2.362698,-2.1455867
1973-12-01,-2.3040338,-2.26941
1974-01-01,-2.1414974,-2.0599906
1974-02-01,-1.7344412,-1.8000674
1974-03-01,-1.5242637,-1.5173563
1974-04-01,-1.2933637,-1.354693
1974-05-01,-1.2464519,-1.1044408
1974-06-01,-0.7735071,-1.0114266
1974-07-01,-1.0143206,-0.80408955
1974-08-01,-0.624441,-0.7304571
1974-09-01,-0.55260986,-0.7728526
1974-10-01,-1.1415068,-0.9872697
1974-11-01,-1.2676927,-1.1381747
1974-12-01,-1.0053246,-0.9431248
1975-01-01,-0.5563568,-0.74845314
1975-02-01,-0.68367815,-0.75534755
1975-03-01,-1.0260077,-0.89527684
1975-04-01,-0.9761447,-1.0271615
1975-05-01,-1.0793318,-1.1952195
1975-06-01,-1.530182,-1.2911742
1975-07-01,-1.2640088,-1.4229088
1975-08-01,-1.4745352,-1.446236
1975-09-01,-1.6001637,-1.5970645
1975-10-01,-1.7164947,-1.615313
1975-11-01,-1.5292807,-1.7326187
1975-12-01,-1.9520807,-1.8218035
1976-01-01,-1.9840487,-1.6923343
1976-02-01,-1.1408733,-1.3477715
1976-03-01,-0.91839254,-0.9651548
1976-04-01,-0.83619857,-0.85472965
1976-05-01,-0.8095978,-0.66245973
1976-06-01,-0.34158292,-0.39667606
1976-07-01,-0.038847495,-0.11055538
1976-08-01,0.048764292,0.11062801
1976-09-01,0.32196724,0.33435264
1976-10-01,0.6323265,0.5251601
1976-11-01,0.62118655,0.5725513
1976-12-01,0.46414092,0.6146717
1977-01-01,0.7586877,0.51398396
1977-02-01,0.3191232,0.42750683
1977-03-01,0.20470965,0.015034447
1977-04-01,-0.47872952,-0.14710754
1977-05-01,-0.16730274,-0.17285313
1977-06-01,0.12747289,0.06604018
1977-07-01,0.2379504,0.05167264
1977-08-01,-0.21040536,0.05427185
1977-09-01,0.13527052,0.17827697
1977-10-01,0.6099658,0.42297482
1977-11-01,0.5236881,0.6011751
1977-12-01,0.6698716,0.58813435
1978-01-01,0.5708434,0.50768477
1978-02-01,0.28233922,0.286207
1978-03-01,0.0054383874,-0.1458277
1978-04-01,-0.7252607,-0.46769443
1978-05-01,-0.68326104,-0.7104545
1978-06-01,-0.722842,-0.63232607
1978-07-01,-0.49087515,-0.7075831
1978-08-01,-0.90903217,-0.6651905
1978-09-01,-0.5956642,-0.71265215
1978-10-01,-0.6332601,-0.53342825
1978-11-01,-0.3713606,-0.3115634
1978-12-01,0.06993045,-0.12368351
1979-01-01,-0.06962036,-0.006490283
1979-02-01,-0.019780936,-0.022060784
1979-03-01,0.023218945,-0.021441974
1979-04-01,-0.06776393,-0.08459855
1979-05-01,-0.20925067,-0.14493912
1979-06-01,-0.15780275,-0.2545193
1979-07-01,-0.39650452,-0.25235912
1979-08-01,-0.20277011,-0.07660612
1979-09-01,0.3694563,0.067087784
1979-10-01,0.034577172,0.21181013
1979-11-01,0.23139693,0.25716636
1979-12-01,0.505525,0.40942678
1980-01-01,0.49135834,0.41820493
1980-02-01,0.25773153,0.2383827
1980-03-01,-0.03394173,0.036852628
1980-04-01,-0.11323191,-0.061520506
1980-05-01,-0.037387874,0.018887362
1980-06-01,0.20728187,0.0035460342
1980-07-01,-0.15925589,-0.15856105
1980-08-01,-0.5237091,-0.35845637
1980-09-01,-0.39240402,-0.44019565
1980-10-01,-0.40447375,-0.32625666
1980-11-01,-0.18189226,-0.16115364
1980-12-01,0.102905065,-0.22125936
1981-01-01,-0.5847909,-0.36509225
1981-02-01,-0.6133909,-0.50452095
1981-03-01,-0.31538105,-0.57777005
1981-04-01,-0.8045382,-0.5208292
1981-05-01,-0.44256833,-0.57559663
1981-06-01,-0.47968343,-0.5567787
1981-07-01,-0.74808455,-0.55591446
1981-08-01,-0.43997535,-0.4732009
1981-09-01,-0.23154265,-0.30244052
1981-10-01,-0.23580362,-0.36793947
1981-11-01,-0.6364722,-0.3725973
1981-12-01,-0.2455161,-0.26279953
1982-01-01,0.09358978,-0.12113311
1982-02-01,-0.21147302,-0.06976325
1982-03-01,-0.09140652,-0.101616465
1982-04-01,-0.0019698585,0.090280116
1982-05-01,0.36421672,0.3573427
1982-06-01,0.70978117,0.44437668
1982-07-01,0.25913212,0.50388867
1982-08-01,0.5427528,0.73875
1982-09-01,1.4143652,1.2278687
1982-10-01,1.7264879,1.6133785
1982-11-01,1.6992828,1.8455611
1982-12-01,2.1109128,1.9960831
1983-01-01,2.1780539,2.0693288
1983-02-01,1.9190197,1.825481
1983-03-01,1.3793697,1.3521677
1983-04-01,0.7581141,0.9751348
1983-05-01,0.7879205,0.6519389
1983-06-01,0.40978223,0.3299593
1983-07-01,-0.20782474,-0.027191231
1983-08-01,-0.2835312,-0.3076217
1983-09-01,-0.4315091,-0.65891826
1983-10-01,-1.2617145,-0.97307634
1983-11-01,-1.2260054,-1.1495146
1983-12-01,-0.9608237,-1.0160769
1984-01-01,-0.86140144,-0.70390004
1984-02-01,-0.28947487,-0.60009485
1984-03-01,-0.64940834,-0.5529118
1984-04-01,-0.7198523,-0.7248538
1984-05-01,-0.80530095,-0.8398638
1984-06-01,-0.994438,-0.8107507
1984-07-01,-0.6325132,-0.6662262
1984-08-01,-0.37172738,-0.4714414
1984-09-01,-0.41008353,-0.5454313
1984-10-01,-0.8544831,-0.82781917
1984-11-01,-1.2188909,-1.1388469
1984-12-01,-1.3431667,-1.1828622
1985-01-01,-0.986529,-1.0846945
1985-02-01,-0.92438805,-0.9474885
1985-03-01,-0.9315483,-1.0201184
1985-04-01,-1.2044187,-1.054769
1985-05-01,-1.0283402,-1.0794158
1985-06-01,-1.0054883,-0.89145565
1985-07-01,-0.64053833,-0.7200494
1985-08-01,-0.5141216,-0.5739172
1985-09-01,-0.56709176,-0.53216976
1985-10-01,-0.515296,-0.5152891
1985-11-01,-0.46347982,-0.4630041
1985-12-01,-0.4102366,-0.51567227
1986-01-01,-0.67330045,-0.5190738
1986-02-01,-0.47368428,-0.51844597
1986-03-01,-0.40835327,-0.44263697
1986-04-01,-0.44587338,-0.4217703
1986-05-01,-0.41108426,-0.38028517
1986-06-01,-0.28389782,-0.25964254
1986-07-01,-0.08394559,-0.027835002
1986-08-01,0.28433838,0.24274307
1986-09-01,0.52783644,0.44735828
1986-10-01,0.5299,0.6709667
1986-11-01,0.95516366,0.860223
1986-12-01,1.0956053,1.0318261
1987-01-01,1.0447097,1.0504752
1987-02-01,1.0111108,0.9911528
1987-03-01,0.91763806,0.8234181
1987-04-01,0.54150534,0.69440967
1987-05-01,0.6240857,0.6572655
1987-06-01,0.8062054,0.8248394
1987-07-01,1.0442271,1.0285786
1987-08-01,1.2353034,1.246928
1987-09-01,1.4612534,1.3017869
1987-10-01,1.2088039,1.2175575
1987-11-01,0.9826155,1.0045295
1987-12-01,0.8221691,0.8284022
1988-01-01,0.68042207,0.5012612
1988-02-01,0.0011923052,0.22870196
1988-03-01,0.004491499,-0.2226343
1988-04-01,-0.67358667,-0.696564
1988-05-01,-1.4205968,-1.2799169
1988-06-01,-1.7455672,-1.5871578
1988-07-01,-1.5953095,-1.5705466
1988-08-01,-1.3707633,-1.3571278
1988-09-01,-1.1053104,-1.4567881
1988-10-01,-1.8942907,-1.7377677
1988-11-01,-2.213702,-2.0105174
1988-12-01,-1.9235592,-2.0267808
1989-01-01,-1.9430815,-1.7634622
1989-02-01,-1.4237462,-1.5153979
1989-03-01,-1.1793659,-1.2802178
1989-04-01,-1.2375413,-1.097117
1989-05-01,-0.87444353,-0.8982741
1989-06-01,-0.58283746,-0.6844639
1989-07-01,-0.59611076,-0.64600366
1989-08-01,-0.7590627,-0.5747356
1989-09-01,-0.36903337,-0.5178532
1989-10-01,-0.42546356,-0.4415635
1989-11-01,-0.53019357,-0.31833166
1989-12-01,0.0006621539,-0.21704315
1990-01-01,-0.12159798,0.053481083
1990-02-01,0.28137907,0.04811293
1990-03-01,-0.015442306,0.109051906
1990-04-01,0.06121896,0.023495661
1990-05-01,0.024710335,-0.041096017
1990-06-01,-0.20921734,-0.03304718
1990-07-01,0.085365474,-0.014413476
1990-08-01,0.08061144,0.10161638
1990-09-01,0.13887224,0.12038466
1990-10-01,0.14167032,0.0812583
1990-11-01,-0.036767665,0.11077949
1990-12-01,0.22743581,0.21937771
1991-01-01,0.46746498,0.3147417
1991-02-01,0.24932429,0.26188183
1991-03-01,0.06885626,0.16223411
1991-04-01,0.16852175,0.17258044
1991-05-01,0.28036332,0.33193168
1991-06-01,0.54691,0.49596497
1991-07-01,0.6606216,0.6516282
1991-08-01,0.7473531,0.6172815
1991-09-01,0.4438698,0.6991604
1991-10-01,0.9062583,0.82053304
1991-11-01,1.111471,1.1745543
1991-12-01,1.5059338,1.432539
1992-01-01,1.6802123,1.5627928
1992-02-01,1.5022321,1.4957188
1992-03-01,1.304712,1.3386656
1992-04-01,1.209053,1.1776029
1992-05-01,1.0190438,0.9226921
1992-06-01,0.53997946,0.58635265
1992-07-01,0.20003471,0.2334212
1992-08-01,-0.03975057,0.021690056
1992-09-01,-0.095213965,-0.16829795
1992-10-01,-0.3699293,-0.2300204
1992-11-01,-0.22491792,-0.2447633
1992-12-01,-0.1394427,-0.046637934
1993-01-01,0.22444683,0.15110926
1993-02-01,0.36832365,0.30649596
1993-03-01,0.32671744,0.4308251
1993-04-01,0.5974343,0.6147466
1993-05-01,0.92008805,0.60127026
1993-06-01,0.28628847,0.4268928
1993-07-01,0.07430188,0.16066612
1993-08-01,0.12140805,0.15969786
1993-09-01,0.28338364,0.18798427
1993-10-01,0.15916114,0.19766502
1993-11-01,0.15045029,0.19243759
1993-12-01,0.26770133,0.19156688
1994-01-01,0.15654904,0.09350697
1994-02-01,-0.14372946,0.00093793933
1994-03-01,-0.010005755,-0.026232608
1994-04-01,0.0750374,0.05008845
1994-05-01,0.08523371,0.09790944
1994-06-01,0.13345721,0.09584463
1994-07-01,0.068842955,0.1843185
1994-08-01,0.35065538,0.239321
1994-09-01,0.29846463,0.45014358
1994-10-01,0.7013108,0.6508338
1994-11-01,0.952726,0.924737
1994-12-01,1.1201742,0.97301745
1995-01-01,0.846152,0.9086728
1995-02-01,0.7596923,0.65382075
1995-03-01,0.35561794,0.39238024
1995-04-01,0.06183047,0.0714724
1995-05-01,-0.20303121,-0.12913199
1995-06-01,-0.24619524,-0.24829824
1995-07-01,-0.29566833,-0.41484675
1995-08-01,-0.7026766,-0.6048994
1995-09-01,-0.81635326,-0.8224378
1995-10-01,-0.9482837,-0.9741902
1995-11-01,-1.1579335,-1.0497844
1995-12-01,-1.0431361,-1.0194861
1996-01-01,-0.8573887,-0.8889685
1996-02-01,-0.76638085,-0.7515065
1996-03-01,-0.63074994,-0.6109063
1996-04-01,-0.43558824,-0.47991386
1996-05-01,-0.3734034,-0.39643803
1996-06-01,-0.3803224,-0.37909043
1996-07-01,-0.38354555,-0.33167264
1996-08-01,-0.2311499,-0.3365067
1996-09-01,-0.39482465,-0.34627
1996-10-01,-0.41283542,-0.40239164
1996-11-01,-0.39951482,-0.47192654
1996-12-01,-0.6034294,-0.48688042
1997-01-01,-0.45769703,-0.447387
1997-02-01,-0.28103462,-0.30954775
1997-03-01,-0.18991165,-0.12594286
1997-04-01,0.09311769,0.1716799
1997-05-01,0.61183363,0.56308585
1997-06-01,0.9843063,0.9899309
1997-07-01,1.373653,1.3654981
1997-08-01,1.7385349,1.7194761
1997-09-01,2.04624,1.9886404
1997-10-01,2.1811464,2.1726487
1997-11-01,2.29056,2.2592049
1997-12-01,2.3059084,2.2949212
1998-01-01,2.2882955,2.179012
1998-02-01,1.942832,1.8626533
1998-03-01,1.3568319,1.305872
1998-04-01,0.61795187,0.90358895
1998-05-01,0.73598295,0.25007686
1998-06-01,-0.6037042,-0.22052747
1998-07-01,-0.79386115,-0.74919397
1998-08-01,-0.8500167,-0.89821965
1998-09-01,-1.0507811,-1.0653526
1998-10-01,-1.2952598,-1.1935107
1998-11-01,-1.2344909,-1.3924724
1998-12-01,-1.6476666,-1.5409985
1999-01-01,-1.7408378,-1.550777
1999-02-01,-1.2638265,-1.3010706
1999-03-01,-0.8985473,-1.0191901
1999-04-01,-0.89519644,-0.92700624
1999-05-01,-0.9872751,-0.9420845
1999-06-01,-0.94378173,-0.9777209
1999-07-01,-1.0021058,-1.0162941
1999-08-01,-1.102995,-1.0109305
1999-09-01,-0.9276907,-1.0440947
1999-10-01,-1.1015983,-1.2023529
1999-11-01,-1.5777694,-1.4368539
1999-12-01,-1.631194,-1.5987324
2000-01-01,-1.5872334,-1.5068096
2000-02-01,-1.3020011,-1.3131331
2000-03-01,-1.0501646,-1.0717075
2000-04-01,-0.86295676,-0.9339579
2000-05-01,-0.8887524,-0.8199909
2000-06-01,-0.70826346,-0.7572448
2000-07-01,-0.6747187,-0.5904657
2000-08-01,-0.38841513,-0.46474424
2000-09-01,-0.33109885,-0.4648486
2000-10-01,-0.6750317,-0.609493
2000-11-01,-0.8223485,-0.8458145
2000-12-01,-1.0400633,-0.8823382
2001-01-01,-0.784603,-0.856299
2001-02-01,-0.7442307,-0.649461
2001-03-01,-0.41954917,-0.5412176
2001-04-01,-0.4598731,-0.39127207
2001-05-01,-0.29439393,-0.28930306
2001-06-01,-0.113642156,-0.15280719
2001-07-01,-0.050385498,-0.085487604
2001-08-01,-0.09243515,-0.124188684
2001-09-01,-0.22974537,-0.1284828
2001-10-01,-0.06326789,-0.23232274
2001-11-01,-0.40395492,-0.30866194
2001-12-01,-0.45876297,-0.34445262
2002-01-01,-0.17063993,-0.21146972
2002-02-01,-0.0050062924,-0.039915007
2002-03-01,0.055901214,0.0045678243
2002-04-01,-0.03719145,0.04792921
2002-05-01,0.12507786,0.19976075
2002-06-01,0.5113959,0.37456402
2002-07-01,0.4872183,0.5316141
2002-08-01,0.5962282,0.6428606
2002-09-01,0.84513515,0.8042259
2002-10-01,0.9713144,1.0196899
2002-11-01,1.24262,1.2074722
2002-12-01,1.408482,1.0571052
2003-01-01,0.52021337,0.83484125
2003-02-01,0.5758284,0.48480046
2003-03-01,0.3583597,0.2738986
2003-04-01,-0.11249224,-0.1122621
2003-05-01,-0.58265376,-0.2761897
2003-06-01,-0.13342318,-0.21034773
2003-07-01,0.08503377,0.054249775
2003-08-01,0.21113874,0.14535488
2003-09-01,0.13989218,0.25197232
2003-10-01,0.40488604,0.25242433
2003-11-01,0.21249478,0.309205
2003-12-01,0.3102342,0.26965722
2004-01-01,0.28624272,0.27583355
2004-02-01,0.23102371,0.1617847
2004-03-01,-0.031912375,0.07939697
2004-04-01,0.03907958,-0.0066847242
2004-05-01,-0.027221378,0.019355867
2004-06-01,0.0462094,0.14741585
2004-07-01,0.42325953,0.3506312
2004-08-01,0.58242464,0.5512075
2004-09-01,0.6479382,0.60513645
2004-10-01,0.5850465,0.63104934
2004-11-01,0.66016316,0.6599898
2004-12-01,0.7347597,0.6818116
2005-01-01,0.65051186,0.5585268
2005-02-01,0.2903089,0.4458791
2005-03-01,0.39681652,0.29034516
2005-04-01,0.18391007,0.26489252
2005-05-01,0.21395095,0.17119531
2005-06-01,0.11572495,0.018562546
2005-07-01,-0.27398828,-0.08079734
2005-08-01,-0.08412869,-0.1345836
2005-09-01,-0.045633838,-0.08135622
2005-10-01,-0.11430612,-0.24718194
2005-11-01,-0.58160585,-0.5495922
2005-12-01,-0.9528646,-0.8020637
2006-01-01,-0.8717207,-0.8435858
2006-02-01,-0.7061723,-0.79357404
2006-03-01,-0.802829,-0.6263311
2006-04-01,-0.36999208,-0.44404688
2006-05-01,-0.1593197,-0.18279982
2006-06-01,-0.01908769,-0.049137082
2006-07-01,0.030996142,0.12777878
2006-08-01,0.3714279,0.33502862
2006-09-01,0.6026618,0.54315656
2006-10-01,0.65537995,0.7161918
2006-11-01,0.89053375,0.8886757
2006-12-01,1.1201133,0.88585305
2007-01-01,0.64691204,0.6240833
2007-02-01,0.10522465,0.1946776
2007-03-01,-0.16810386,-0.11209607
2007-04-01,-0.273409,-0.31394568
2007-05-01,-0.5003242,-0.33833206
2007-06-01,-0.24126294,-0.4098258
2007-07-01,-0.48789024,-0.48448023
2007-08-01,-0.7242875,-0.7641876
2007-09-01,-1.080385,-1.0472544
2007-10-01,-1.3370906,-1.3713659
2007-11-01,-1.6966218,-1.5655255
2007-12-01,-1.6628643,-1.717018
2008-01-01,-1.7915678,-1.751897
2008-02-01,-1.8012589,-1.6104406
2008-03-01,-1.2384949,-1.3641514
2008-04-01,-1.0526998,-1.0413265
2008-05-01,-0.8327848,-0.84230715
2008-06-01,-0.64143693,-0.5512452
2008-07-01,-0.17951389,-0.32712224
2008-08-01,-0.16041595,-0.1979149
2008-09-01,-0.25381488,-0.24092644
2008-10-01,-0.3085485,-0.35193482
2008-11-01,-0.49344113,-0.5637479
2008-12-01,-0.88925403,-0.78770846
2009-01-01,-0.98043007,-0.8816026
2009-02-01,-0.7751238,-0.83101624
2009-03-01,-0.7374949,-0.62661594
2009-04-01,-0.36722925,-0.34491077
2009-05-01,0.06999185,0.03744656
2009-06-01,0.40957707,0.34580973
2009-07-01,0.55786026,0.5000186
2009-08-01,0.53261846,0.56430745
2009-09-01,0.60244364,0.66124916
2009-10-01,0.8486854,0.92900866
2009-11-01,1.3358968,1.3098396
2009-12-01,1.7449363,1.5011324
2010-01-01,1.4225637,1.478969
2010-02-01,1.2694069,1.2124326
2010-03-01,0.9453272,0.8832276
2010-04-01,0.43494868,0.38078222
2010-05-01,-0.23792939,-0.15467004
2010-06-01,-0.6610294,-0.65202594
2010-07-01,-1.057119,-0.9789197
2010-08-01,-1.2186104,-1.2400873
2010-09-01,-1.4445324,-1.4296852
2010-10-01,-1.6259134,-1.5390606
2010-11-01,-1.5467359,-1.5687772
2010-12-01,-1.5336822,-1.526267
2011-01-01,-1.4983832,-1.3907037
2011-02-01,-1.1400458,-1.1863424
2011-03-01,-0.920598,-0.95941067
2011-04-01,-0.81758845,-0.78092164
2011-05-01,-0.6045784,-0.5821816
2011-06-01,-0.32437792,-0.39244583
2011-07-01,-0.2483813,-0.40110326
2011-08-01,-0.63055056,-0.5272004
2011-09-01,-0.7026693,-0.7959895
2011-10-01,-1.0547485,-0.9793138
2011-11-01,-1.1805234,-1.0820097
2011-12-01,-1.0107572,-1.0188736
2012-01-01,-0.86534023,-0.83361727
2012-02-01,-0.62475437,-0.68069285
2012-03-01,-0.5519837,-0.547123
2012-04-01,-0.46463102,-0.44226983
2012-05-01,-0.31019482,-0.2584618
2012-06-01,-0.0005595603,-0.023511047
2012-07-01,0.24022125,0.24903941
2012-08-01,0.50745654,0.36611688
2012-09-01,0.35067287,0.3364707
2012-10-01,0.15128273,0.2388949
2012-11-01,0.21472904,0.07088531
2012-12-01,-0.15335585,-0.12771606
2013-01-01,-0.44452137,-0.37207738
2013-02-01,-0.518355,-0.40490603
2013-03-01,-0.25184166,-0.33666727
2013-04-01,-0.23980506,-0.2993096
2013-05-01,-0.4062821,-0.38756394
2013-06-01,-0.51660466,-0.43649814
2013-07-01,-0.38660768,-0.48033985
2013-08-01,-0.53780717,-0.3678491
2013-09-01,-0.1791325,-0.34625855
2013-10-01,-0.32183602,-0.17759298
2013-11-01,-0.03181043,-0.18502735
2013-12-01,-0.20143555,-0.21092786
2014-01-01,-0.39953762,-0.36503378
2014-02-01,-0.4941282,-0.3327317
2014-03-01,-0.104529254,-0.1274315
2014-04-01,0.21636297,0.15490347
2014-05-01,0.3528767,0.26333278
2014-06-01,0.22075868,0.1607032
2014-07-01,-0.091525726,0.034478515
2014-08-01,-0.025797397,0.050747823
2014-09-01,0.2695666,0.20824935
2014-10-01,0.38097885,0.47050634
2014-11-01,0.7609735,0.63938284
2014-12-01,0.7761962,0.69647723
2015-01-01,0.552262,0.60597116
2015-02-01,0.48945537,0.52402765
2015-03-01,0.53036565,0.61739975
2015-04-01,0.8323782,0.7600443
2015-05-01,0.91738904,0.9574593
2015-06-01,1.1226107,1.137714
2015-07-01,1.3731426,1.4073267
2015-08-01,1.7262267,1.7107534
2015-09-01,2.0328908,1.9921197
2015-10-01,2.2172413,2.2418487
2015-11-01,2.4754138,2.3912208
2015-12-01,2.4810069,2.4881115
2016-01-01,2.5079138,2.3736155
2016-02-01,2.131926,2.0871994
2016-03-01,1.6217583,1.583167
2016-04-01,0.99581623,1.0095214
2016-05-01,0.4109896,0.49019846
2016-06-01,0.06378945,0.037564922
2016-07-01,-0.3620843,-0.22112407
2016-08-01,-0.36507738,-0.35990596
2016-09-01,-0.35255623,-0.45151815
2016-10-01,-0.63692087,-0.5515534
2016-11-01,-0.6651831,-0.5565605
2016-12-01,-0.3675775,-0.4758519
2017-01-01,-0.39479503,-0.2054227
2017-02-01,0.14610441,-0.043752674
2017-03-01,0.117432594,0.16413431
2017-04-01,0.22886592,0.2232507
2017-05-01,0.3234536,0.2705525
2017-06-01,0.2593379,0.26064864
2017-07-01,0.19915436,0.11112428
2017-08-01,-0.12511946,-0.088972956
2017-09-01,-0.34095377,-0.25905445
2017-10-01,-0.3110902,-0.47796074
2017-11-01,-0.78183824,-0.67054415
2017-12-01,-0.91870415,-0.85944647
2018-01-01,-0.8777968,-0.8399562
2018-02-01,-0.72336763,-0.79601264
2018-03-01,-0.7868734,-0.65358996
2018-04-01,-0.45052892,-0.44908705
2018-05-01,-0.109858885,-0.1540895
2018-06-01,0.09811929,0.079705045
2018-07-01,0.25085473,0.17030181
2018-08-01,0.16193141,0.2728825
2018-09-01,0.40586132,0.48857573
2018-10-01,0.8979345,0.7751071
2018-11-01,1.0215254,0.9811049
2018-12-01,1.023855,0.9507149
2019-01-01,0.8067645,0.86447716
2019-02-01,0.762812,0.8136859
2019-03-01,0.87148124,0.7611998
2019-04-01,0.6493062,0.72497255
2019-05-01,0.6541302,0.623588
2019-06-01,0.56732756,0.5337283
2019-07-01,0.37972724,0.35325179
2019-08-01,0.11270055,0.1810479
2019-09-01,0.05071587,0.27857304
2019-10-01,0.6723027,0.46521962
2019-11-01,0.67264026,0.6536472
2019-12-01,0.61599857,0.65154195
2020-01-01,0.665987,0.58230126
2020-02-01,0.46491823,0.5381066
2020-03-01,0.48341453,0.4613032
2020-04-01,0.43557677,0.23886164
2020-05-01,-0.2024064,-0.046313316
2020-06-01,-0.3721103,-0.2306823
2020-07-01,-0.11753015,-0.32350174
2020-08-01,-0.48086476,-0.45758176
2020-09-01,-0.77435035,-0.80382746
2020-10-01,-1.1562672,-1.0413772
2020-11-01,-1.193514,-1.1702969
2020-12-01,-1.1611097,-1.1580497
2021-01-01,-1.1195253,-1.1187032
2021-02-01,-1.0754746,-0.98070496
2021-03-01,-0.747115,-0.8518099
2021-04-01,-0.73284006,-0.66080797
2021-05-01,-0.5024688,-0.4858553
2021-06-01,-0.22225705,-0.3689302
2021-07-01,-0.3820647,-0.3760098
2021-08-01,-0.52370757,-0.48871446
2021-09-01,-0.56037116,-0.6678961
2021-10-01,-0.9196095,-0.8058403
2021-11-01,-0.9375403,-0.9716513
2021-12-01,-1.0578041,-0.9336086
2022-01-01,-0.80548143,-0.8869117
2022-02-01,-0.79744947,-0.80847955
2022-03-01,-0.82250774,-0.87759596
2022-04-01,-1.0128307,-0.95588636
2022-05-01,-1.0323207,-0.9168465
2022-06-01,-0.705388,-0.78496176
2022-07-01,-0.61717653,-0.72665167
2022-08-01,-0.8573903,-0.8049664
2022-09-01,-0.94033235,-0.90401095
2022-10-01,-0.91431016,-0.9345872
2022-11-01,-0.9491191,-0.8800594
2022-12-01,-0.77674884,-0.8056612
2023-01-01,-0.6911157,-0.67501765
2023-02-01,-0.5571886,-0.45341778
2023-03-01,-0.11194914,-0.21848756
2023-04-01,0.013675049,0.09216708
2023-05-01,0.37477532,0.37656042
2023-06-01,0.74123085,0.67941093
2023-07-01,0.9222266,0.96949273
2023-08-01,1.2450207,1.2291967
2023-09-01,1.520343,1.4674803
2023-10-01,1.6370772,1.7034663
2023-11-01,1.9529786,1.8393692
2023-12-01,1.9280516,1.8875775
2024-01-01,1.7817025,1.7114125
2024-02-01,1.4244838,1.4026818
2024-03-01,1.0018591,1.0705897
2024-04-01,0.7854261,0.6750102
2024-05-01,0.23774546,0.34986803
2024-06-01,0.026432466,0.12299325
2024-07-01,0.10480184,0.031352695
2024-08-01,-0.037176218,-0.061366137
2024-09-01,-0.25172403,-0.15448563
2024-10-01,-0.1745566,-0.23189946
2024-11-01,-0.26941773,-0.3573866
2024-12-01,-0.62818545,-0.5295358
2025-01-01,-0.6910042,-0.5849804
2025-02-01,-0.4357516,-0.3463069
2025-03-01,0.08783516,-0.18466373
2025-04-01,-0.20607474,-0.07800894
2025-05-01,-0.11578725,-0.12097746
2025-06-01,-0.04107039,-0.07359173
2025-07-01,-0.06391756,-0.1450394
2025-08-01,-0.33013022,-0.28601992
2025-09-01,-0.46401197,-0.46445724
2025-10-01,-0.5992295,-0.6153875
2025-11-01,-0.78292096,-0.67167145
2025-12-01,-0.63286406,-0.6992431
2026-01-01,-0.6819443,-0.5226721
2026-02-01,-0.25320792,-0.3325074
2026-03-01,-0.06236995,0.003025353
2026-04-01,0.32465392,0.3619155
2026-05-01,0.82346255,0.852814
2026-06-01,1.4103258,1.3271986
2026-07-01,1.7478076,1.7661108
2026-08-01,2.1401985,
